<?xml version="1.0"?>
<!DOCTYPE net_list>
<net_list>
  <net><id>N15440884</id>
    <pin><id>R156.1</id></pin>
    <pin><id>R157.1</id></pin>
    <pin><id>C116.1</id></pin>
    <pin><id>U13.10</id></pin>
    </net>
  <net><id>N14756187</id>
    <pin><id>C117.2</id></pin>
    <pin><id>U13.4</id></pin>
    <pin><id>R154.2</id></pin>
    <pin><id>R155.1</id></pin>
    </net>
  <net><id>PIC12_SW4</id>
    <pin><id>U6.54</id></pin>
    <pin><id>R151.1</id></pin>
    <pin><id>U26.5</id></pin>
    <pin><id>R152.1</id></pin>
    </net>
  <net><id>N15357903</id>
    <pin><id>U26.4</id></pin>
    <pin><id>R150.2</id></pin>
    </net>
  <net><id>PIC12_PRINT_ENABLE</id>
    <pin><id>D25.ANODE1</id></pin>
    <pin><id>U26.3</id></pin>
    </net>
  <net><id>N14769618</id>
    <pin><id>R76.1</id></pin>
    <pin><id>R77.2</id></pin>
    <pin><id>R153.2</id></pin>
    <pin><id>D25.CATHODE</id></pin>
    </net>
  <net><id>N15360786</id>
    <pin><id>R149.2</id></pin>
    <pin><id>U26.2</id></pin>
    </net>
  <net><id>N14951331</id>
    <pin><id>Q15.BASE</id></pin>
    <pin><id>R148.2</id></pin>
    </net>
  <net><id>N13023194</id>
    <pin><id>R146.1</id></pin>
    <pin><id>LED5.ANODE</id></pin>
    </net>
  <net><id>N13021649</id>
    <pin><id>R145.1</id></pin>
    <pin><id>LED4.ANODE</id></pin>
    </net>
  <net><id>N14631537</id>
    <pin><id>R31.1</id></pin>
    <pin><id>R29.2</id></pin>
    <pin><id>U4.5</id></pin>
    <pin><id>U4.3</id></pin>
    </net>
  <net><id>CUT</id>
    <pin><id>RP1.7</id></pin>
    <pin><id>C63.1</id></pin>
    <pin><id>U16.55</id></pin>
    </net>
  <net><id>SWCUTHP</id>
    <pin><id>RN5.1</id></pin>
    <pin><id>RP1.2</id></pin>
    </net>
  <net><id>IN-B</id>
    <pin><id>C28.1</id></pin>
    <pin><id>RP2.3</id></pin>
    <pin><id>U4.6</id></pin>
    </net>
  <net><id>IN-A</id>
    <pin><id>RP2.4</id></pin>
    <pin><id>C42.1</id></pin>
    <pin><id>U4.2</id></pin>
    </net>
  <net><id>N14624442</id>
    <pin><id>R101.2</id></pin>
    <pin><id>RP2.5</id></pin>
    <pin><id>U18.17</id></pin>
    </net>
  <net><id>N14624260</id>
    <pin><id>RP2.6</id></pin>
    <pin><id>R102.2</id></pin>
    <pin><id>U18.14</id></pin>
    </net>
  <net><id>N14624235</id>
    <pin><id>RP2.7</id></pin>
    <pin><id>U18.6</id></pin>
    </net>
  <net><id>PFENB</id>
    <pin><id>RP2.2</id></pin>
    <pin><id>RP2.1</id></pin>
    <pin><id>U17.92</id></pin>
    </net>
  <net><id>PU1_061</id>
    <pin><id>RN5.3</id></pin>
    <pin><id>TP7.1</id></pin>
    <pin><id>U16.61</id></pin>
    </net>
  <net><id>PU1_042</id>
    <pin><id>RN5.8</id></pin>
    <pin><id>U16.42</id></pin>
    </net>
  <net><id>PU1_076</id>
    <pin><id>RN4.3</id></pin>
    <pin><id>TP6.1</id></pin>
    <pin><id>U16.76</id></pin>
    </net>
  <net><id>PU1_074</id>
    <pin><id>RN4.4</id></pin>
    <pin><id>TP4.1</id></pin>
    <pin><id>U16.74</id></pin>
    </net>
  <net><id>VCC_1.8</id>
    <pin><id>C107.1</id></pin>
    <pin><id>TP22.1</id></pin>
    <pin><id>C104.1</id></pin>
    <pin><id>C103.1</id></pin>
    <pin><id>C105.1</id></pin>
    <pin><id>C102.1</id></pin>
    <pin><id>U17.88</id></pin>
    <pin><id>U17.39</id></pin>
    <pin><id>U17.63</id></pin>
    <pin><id>U17.13</id></pin>
    <pin><id>U25.5</id></pin>
    </net>
  <net><id>PU1_077</id>
    <pin><id>RN4.9</id></pin>
    <pin><id>TP5.1</id></pin>
    <pin><id>U16.77</id></pin>
    </net>
  <net><id>PU1_078</id>
    <pin><id>RN4.8</id></pin>
    <pin><id>TP1.1</id></pin>
    <pin><id>U16.78</id></pin>
    </net>
  <net><id>VMT</id>
    <pin><id>Q11.DRAIN</id></pin>
    <pin><id>J9.24</id></pin>
    <pin><id>J9.23</id></pin>
    <pin><id>J9.22</id></pin>
    <pin><id>J9.2</id></pin>
    <pin><id>J9.1</id></pin>
    <pin><id>C110.1</id></pin>
    <pin><id>C26.1</id></pin>
    <pin><id>U18.11</id></pin>
    <pin><id>U18.10</id></pin>
    <pin><id>TP26.1</id></pin>
    </net>
  <net><id>N14622543</id>
    <pin><id>C24.1</id></pin>
    <pin><id>U18.7</id></pin>
    </net>
  <net><id>N14768795</id>
    <pin><id>R107.2</id></pin>
    <pin><id>C109.2</id></pin>
    <pin><id>Q11.GATE</id></pin>
    </net>
  <net><id>PFMS3</id>
    <pin><id>RP3.4</id></pin>
    <pin><id>U17.100</id></pin>
    </net>
  <net><id>PFMS2</id>
    <pin><id>RP3.2</id></pin>
    <pin><id>U17.99</id></pin>
    </net>
  <net><id>PFMS1</id>
    <pin><id>RP3.3</id></pin>
    <pin><id>U17.98</id></pin>
    </net>
  <net><id>N14767997</id>
    <pin><id>R107.1</id></pin>
    <pin><id>Q10.2</id></pin>
    <pin><id>R106.2</id></pin>
    </net>
  <net><id>PFMS0</id>
    <pin><id>RP3.1</id></pin>
    <pin><id>U17.97</id></pin>
    </net>
  <net><id>N14614341</id>
    <pin><id>RP3.5</id></pin>
    <pin><id>U18.8</id></pin>
    </net>
  <net><id>N14614337</id>
    <pin><id>RP3.7</id></pin>
    <pin><id>U18.9</id></pin>
    </net>
  <net><id>N14614333</id>
    <pin><id>RP3.6</id></pin>
    <pin><id>U18.2</id></pin>
    </net>
  <net><id>CVR</id>
    <pin><id>RP1.5</id></pin>
    <pin><id>C62.1</id></pin>
    <pin><id>U16.124</id></pin>
    </net>
  <net><id>N14614329</id>
    <pin><id>R108.2</id></pin>
    <pin><id>RP3.8</id></pin>
    <pin><id>U18.3</id></pin>
    </net>
  <net><id>SW0</id>
    <pin><id>RN5.6</id></pin>
    <pin><id>RP1.3</id></pin>
    </net>
  <net><id>SWCVR0</id>
    <pin><id>R148.1</id></pin>
    <pin><id>RN5.7</id></pin>
    <pin><id>RP1.4</id></pin>
    <pin><id>J10.8</id></pin>
    </net>
  <net><id>D14</id>
    <pin><id>R81.1</id></pin>
    <pin><id>RN1.3</id></pin>
    <pin><id>U16.1</id></pin>
    </net>
  <net><id>D15</id>
    <pin><id>R80.1</id></pin>
    <pin><id>RN1.4</id></pin>
    <pin><id>U16.2</id></pin>
    </net>
  <net><id>N14607281</id>
    <pin><id>J10.4</id></pin>
    <pin><id>U18.13</id></pin>
    </net>
  <net><id>N14607239</id>
    <pin><id>J10.2</id></pin>
    <pin><id>U18.15</id></pin>
    </net>
  <net><id>N14607224</id>
    <pin><id>J10.3</id></pin>
    <pin><id>U18.16</id></pin>
    </net>
  <net><id>N14607202</id>
    <pin><id>J10.1</id></pin>
    <pin><id>U18.18</id></pin>
    </net>
  <net><id>N15446444</id>
    <pin><id>L5.1</id></pin>
    <pin><id>U13.2</id></pin>
    </net>
  <net><id>N14756214</id>
    <pin><id>U13.8</id></pin>
    <pin><id>L4.1</id></pin>
    </net>
  <net><id>NMRST</id>
    <pin><id>R137.1</id></pin>
    <pin><id>U19.1</id></pin>
    <pin><id>U17.40</id></pin>
    </net>
  <net><id>N14644390</id>
    <pin><id>C64.1</id></pin>
    <pin><id>RP1.6</id></pin>
    <pin><id>U16.113</id></pin>
    <pin><id>D3.1</id></pin>
    </net>
  <net><id>N14733215</id>
    <pin><id>C93.1</id></pin>
    <pin><id>R134.2</id></pin>
    <pin><id>R136.1</id></pin>
    <pin><id>U16.47</id></pin>
    <pin><id>U19.4</id></pin>
    </net>
  <net><id>BUSCLK</id>
    <pin><id>R132.2</id></pin>
    <pin><id>U17.12</id></pin>
    </net>
  <net><id>NHDINTP</id>
    <pin><id>U16.110</id></pin>
    <pin><id>U17.35</id></pin>
    </net>
  <net><id>NCEINTP</id>
    <pin><id>U16.109</id></pin>
    <pin><id>U17.34</id></pin>
    </net>
  <net><id>N14732594</id>
    <pin><id>R132.1</id></pin>
    <pin><id>U16.45</id></pin>
    </net>
  <net><id>GATDI</id>
    <pin><id>TP10.1</id></pin>
    <pin><id>R141.1</id></pin>
    <pin><id>U16.41</id></pin>
    <pin><id>U17.23</id></pin>
    </net>
  <net><id>GATCK</id>
    <pin><id>R139.1</id></pin>
    <pin><id>TP8.1</id></pin>
    <pin><id>U16.40</id></pin>
    <pin><id>U17.24</id></pin>
    </net>
  <net><id>NCEREQ</id>
    <pin><id>U16.99</id></pin>
    <pin><id>U17.33</id></pin>
    </net>
  <net><id>NRD</id>
    <pin><id>U16.101</id></pin>
    <pin><id>U17.29</id></pin>
    </net>
  <net><id>NWE0</id>
    <pin><id>U16.105</id></pin>
    <pin><id>U17.30</id></pin>
    </net>
  <net><id>NRSTGA</id>
    <pin><id>R96.1</id></pin>
    <pin><id>U16.133</id></pin>
    <pin><id>U17.27</id></pin>
    </net>
  <net><id>N14751320</id>
    <pin><id>R133.2</id></pin>
    <pin><id>R131.1</id></pin>
    <pin><id>U16.53</id></pin>
    </net>
  <net><id>GATDO</id>
    <pin><id>TP11.1</id></pin>
    <pin><id>U16.35</id></pin>
    <pin><id>U17.25</id></pin>
    </net>
  <net><id>N14750642</id>
    <pin><id>R133.1</id></pin>
    <pin><id>Y2.1</id></pin>
    <pin><id>C89.1</id></pin>
    <pin><id>U16.52</id></pin>
    </net>
  <net><id>GATMS</id>
    <pin><id>R140.1</id></pin>
    <pin><id>TP9.1</id></pin>
    <pin><id>U16.37</id></pin>
    <pin><id>U17.22</id></pin>
    </net>
  <net><id>N14750635</id>
    <pin><id>R131.2</id></pin>
    <pin><id>C90.1</id></pin>
    <pin><id>Y2.3</id></pin>
    </net>
  <net><id>NCSGA</id>
    <pin><id>U16.134</id></pin>
    <pin><id>U17.28</id></pin>
    </net>
  <net><id>NGAINTP</id>
    <pin><id>U16.98</id></pin>
    <pin><id>U17.36</id></pin>
    </net>
  <net><id>BD2NHDLAT</id>
    <pin><id>U17.87</id></pin>
    <pin><id>U1.6</id></pin>
    </net>
  <net><id>BD2HDDAT</id>
    <pin><id>U16.10</id></pin>
    <pin><id>U1.4</id></pin>
    </net>
  <net><id>SNSPE</id>
    <pin><id>Q9.COLLECTOR</id></pin>
    <pin><id>U16.56</id></pin>
    <pin><id>R100.2</id></pin>
    <pin><id>J4.6</id></pin>
    <pin><id>U6.75</id></pin>
    </net>
  <net><id>BD2HDCLK</id>
    <pin><id>U16.135</id></pin>
    <pin><id>U1.2</id></pin>
    </net>
  <net><id>N14731752</id>
    <pin><id>TP3.1</id></pin>
    <pin><id>U16.75</id></pin>
    </net>
  <net><id>VCC_3.3</id>
    <pin><id>C113.1</id></pin>
    <pin><id>Q15.EMITTER</id></pin>
    <pin><id>R149.1</id></pin>
    <pin><id>U14.8</id></pin>
    <pin><id>U16.11</id></pin>
    <pin><id>R100.1</id></pin>
    <pin><id>C76.1</id></pin>
    <pin><id>R142.1</id></pin>
    <pin><id>C69.1</id></pin>
    <pin><id>RN5.5</id></pin>
    <pin><id>C96.1</id></pin>
    <pin><id>C94.1</id></pin>
    <pin><id>C25.1</id></pin>
    <pin><id>RN4.10</id></pin>
    <pin><id>RN5.10</id></pin>
    <pin><id>RN4.5</id></pin>
    <pin><id>RN3.5</id></pin>
    <pin><id>RN3.10</id></pin>
    <pin><id>R78.1</id></pin>
    <pin><id>R79.1</id></pin>
    <pin><id>C106.1</id></pin>
    <pin><id>R140.2</id></pin>
    <pin><id>R29.1</id></pin>
    <pin><id>C100.1</id></pin>
    <pin><id>C73.1</id></pin>
    <pin><id>C101.1</id></pin>
    <pin><id>C98.1</id></pin>
    <pin><id>C74.1</id></pin>
    <pin><id>C72.1</id></pin>
    <pin><id>C71.1</id></pin>
    <pin><id>C70.1</id></pin>
    <pin><id>C75.1</id></pin>
    <pin><id>C66.1</id></pin>
    <pin><id>C67.1</id></pin>
    <pin><id>C68.1</id></pin>
    <pin><id>RN1.10</id></pin>
    <pin><id>RN1.5</id></pin>
    <pin><id>C95.1</id></pin>
    <pin><id>C97.1</id></pin>
    <pin><id>C65.1</id></pin>
    <pin><id>R134.1</id></pin>
    <pin><id>C99.1</id></pin>
    <pin><id>RN2.10</id></pin>
    <pin><id>RN2.5</id></pin>
    <pin><id>TP27.1</id></pin>
    <pin><id>R139.2</id></pin>
    <pin><id>U16.58</id></pin>
    <pin><id>U16.22</id></pin>
    <pin><id>U16.72</id></pin>
    <pin><id>U16.70</id></pin>
    <pin><id>U16.3</id></pin>
    <pin><id>U16.34</id></pin>
    <pin><id>U16.81</id></pin>
    <pin><id>U16.89</id></pin>
    <pin><id>U16.100</id></pin>
    <pin><id>U16.44</id></pin>
    <pin><id>U16.119</id></pin>
    <pin><id>U16.126</id></pin>
    <pin><id>U16.136</id></pin>
    <pin><id>U25.3</id></pin>
    <pin><id>U25.1</id></pin>
    <pin><id>U19.5</id></pin>
    <pin><id>U17.94</id></pin>
    <pin><id>U17.80</id></pin>
    <pin><id>U17.45</id></pin>
    <pin><id>U17.31</id></pin>
    <pin><id>U17.59</id></pin>
    <pin><id>U17.9</id></pin>
    <pin><id>U18.23</id></pin>
    <pin><id>U18.12</id></pin>
    <pin><id>U18.5</id></pin>
    <pin><id>U18.4</id></pin>
    <pin><id>D3.2</id></pin>
    <pin><id>D4.2</id></pin>
    <pin><id>C117.1</id></pin>
    <pin><id>R154.1</id></pin>
    <pin><id>L4.2</id></pin>
    </net>
  <net><id>N14731722</id>
    <pin><id>TP2.1</id></pin>
    <pin><id>R135.1</id></pin>
    <pin><id>U16.73</id></pin>
    </net>
  <net><id>OPLEDG</id>
    <pin><id>RN3.3</id></pin>
    <pin><id>U16.112</id></pin>
    <pin><id>U2.17</id></pin>
    </net>
  <net><id>OPLEDR</id>
    <pin><id>RN3.4</id></pin>
    <pin><id>U16.111</id></pin>
    <pin><id>U2.15</id></pin>
    </net>
  <net><id>NRSTV3</id>
    <pin><id>R136.2</id></pin>
    <pin><id>U17.26</id></pin>
    </net>
  <net><id>NSTB4</id>
    <pin><id>J9.18</id></pin>
    <pin><id>U1.5</id></pin>
    </net>
  <net><id>N14642863</id>
    <pin><id>R33.2</id></pin>
    <pin><id>C61.1</id></pin>
    <pin><id>U15.5</id></pin>
    </net>
  <net><id>VMTON</id>
    <pin><id>R138.1</id></pin>
    <pin><id>Q10.1</id></pin>
    <pin><id>U17.42</id></pin>
    </net>
  <net><id>N14642849</id>
    <pin><id>C55.1</id></pin>
    <pin><id>R32.2</id></pin>
    <pin><id>U15.3</id></pin>
    </net>
  <net><id>VCC_1.2</id>
    <pin><id>C116.2</id></pin>
    <pin><id>R157.2</id></pin>
    <pin><id>C81.1</id></pin>
    <pin><id>U16.104</id></pin>
    <pin><id>C79.1</id></pin>
    <pin><id>C80.1</id></pin>
    <pin><id>C78.1</id></pin>
    <pin><id>C91.1</id></pin>
    <pin><id>C92.1</id></pin>
    <pin><id>C77.1</id></pin>
    <pin><id>U16.130</id></pin>
    <pin><id>U16.51</id></pin>
    <pin><id>U16.15</id></pin>
    <pin><id>U16.26</id></pin>
    <pin><id>U16.93</id></pin>
    <pin><id>U16.49</id></pin>
    <pin><id>TP28.1</id></pin>
    <pin><id>L5.2</id></pin>
    <pin><id>C114.1</id></pin>
    </net>
  <net><id>NSTB3</id>
    <pin><id>J9.15</id></pin>
    <pin><id>U1.7</id></pin>
    </net>
  <net><id>NSTB5</id>
    <pin><id>J9.14</id></pin>
    <pin><id>U1.3</id></pin>
    </net>
  <net><id>NLAT</id>
    <pin><id>J9.9</id></pin>
    <pin><id>U1.14</id></pin>
    </net>
  <net><id>NSTB2</id>
    <pin><id>J9.7</id></pin>
    <pin><id>U1.9</id></pin>
    </net>
  <net><id>N14642607</id>
    <pin><id>U15.7</id></pin>
    <pin><id>U15.6</id></pin>
    <pin><id>U16.67</id></pin>
    </net>
  <net><id>N14642553</id>
    <pin><id>U15.2</id></pin>
    <pin><id>U15.1</id></pin>
    <pin><id>U16.66</id></pin>
    </net>
  <net><id>NSTB1</id>
    <pin><id>J9.6</id></pin>
    <pin><id>U1.12</id></pin>
    </net>
  <net><id>TMPHD0</id>
    <pin><id>R32.1</id></pin>
    <pin><id>R79.2</id></pin>
    <pin><id>J9.5</id></pin>
    </net>
  <net><id>N14888405</id>
    <pin><id>R144.2</id></pin>
    <pin><id>U16.62</id></pin>
    </net>
  <net><id>N14888138</id>
    <pin><id>R143.2</id></pin>
    <pin><id>U16.59</id></pin>
    </net>
  <net><id>NSTB6</id>
    <pin><id>J9.11</id></pin>
    <pin><id>U2.18</id></pin>
    </net>
  <net><id>MONVP</id>
    <pin><id>D4.1</id></pin>
    <pin><id>C111.1</id></pin>
    <pin><id>R105.1</id></pin>
    <pin><id>R104.2</id></pin>
    <pin><id>U16.69</id></pin>
    </net>
  <net><id>PU1_065</id>
    <pin><id>RN4.2</id></pin>
    <pin><id>U16.65</id></pin>
    </net>
  <net><id>N14887924</id>
    <pin><id>R142.2</id></pin>
    <pin><id>U16.60</id></pin>
    </net>
  <net><id>PU1_064</id>
    <pin><id>RN5.9</id></pin>
    <pin><id>U16.64</id></pin>
    </net>
  <net><id>N14650147</id>
    <pin><id>R109.2</id></pin>
    <pin><id>Q9.BASE</id></pin>
    </net>
  <net><id>PU1_063</id>
    <pin><id>RN5.4</id></pin>
    <pin><id>U16.63</id></pin>
    </net>
  <net><id>PU1_050</id>
    <pin><id>RN5.2</id></pin>
    <pin><id>U16.50</id></pin>
    </net>
  <net><id>PU1_095</id>
    <pin><id>RN4.6</id></pin>
    <pin><id>U16.95</id></pin>
    </net>
  <net><id>PU1_094</id>
    <pin><id>RN4.7</id></pin>
    <pin><id>U16.94</id></pin>
    </net>
  <net><id>NHDSTBO1</id>
    <pin><id>U17.77</id></pin>
    <pin><id>U1.11</id></pin>
    </net>
  <net><id>NHDSTBO8</id>
    <pin><id>U17.86</id></pin>
    <pin><id>U2.8</id></pin>
    </net>
  <net><id>NHDSTBO7</id>
    <pin><id>U17.85</id></pin>
    <pin><id>U2.6</id></pin>
    </net>
  <net><id>NHDSTBO6</id>
    <pin><id>U17.84</id></pin>
    <pin><id>U2.4</id></pin>
    </net>
  <net><id>NHDSTBO5</id>
    <pin><id>U17.83</id></pin>
    <pin><id>U2.2</id></pin>
    </net>
  <net><id>NHDSTBO4</id>
    <pin><id>U17.82</id></pin>
    <pin><id>U1.17</id></pin>
    </net>
  <net><id>NHDSTBO3</id>
    <pin><id>U17.81</id></pin>
    <pin><id>U1.15</id></pin>
    </net>
  <net><id>NHDSTBO2</id>
    <pin><id>U17.78</id></pin>
    <pin><id>U1.13</id></pin>
    </net>
  <net><id>PU1_062</id>
    <pin><id>RN4.1</id></pin>
    <pin><id>U16.71</id></pin>
    </net>
  <net><id>N14649313</id>
    <pin><id>R99.2</id></pin>
    <pin><id>C27.1</id></pin>
    <pin><id>R109.1</id></pin>
    <pin><id>J10.5</id></pin>
    <pin><id>R129.1</id></pin>
    </net>
  <net><id>NHDSTBO0</id>
    <pin><id>U17.76</id></pin>
    <pin><id>U1.8</id></pin>
    </net>
  <net><id>N14648834</id>
    <pin><id>J10.7</id></pin>
    <pin><id>R98.2</id></pin>
    </net>
  <net><id>N14646231</id>
    <pin><id>RN3.6</id></pin>
    <pin><id>U16.86</id></pin>
    <pin><id>U14.2</id></pin>
    </net>
  <net><id>DQ3</id>
    <pin><id>RN3.1</id></pin>
    <pin><id>U16.92</id></pin>
    <pin><id>U14.7</id></pin>
    </net>
  <net><id>DQ2</id>
    <pin><id>RN3.2</id></pin>
    <pin><id>U16.90</id></pin>
    <pin><id>U14.3</id></pin>
    </net>
  <net><id>D13</id>
    <pin><id>R82.1</id></pin>
    <pin><id>RN1.2</id></pin>
    <pin><id>U16.144</id></pin>
    </net>
  <net><id>D12</id>
    <pin><id>R83.1</id></pin>
    <pin><id>RN1.1</id></pin>
    <pin><id>U16.143</id></pin>
    </net>
  <net><id>D11</id>
    <pin><id>R84.1</id></pin>
    <pin><id>RN1.9</id></pin>
    <pin><id>U16.142</id></pin>
    </net>
  <net><id>D10</id>
    <pin><id>RN1.8</id></pin>
    <pin><id>R85.1</id></pin>
    <pin><id>U16.141</id></pin>
    </net>
  <net><id>D9</id>
    <pin><id>U16.140</id></pin>
    <pin><id>R86.1</id></pin>
    <pin><id>RN1.7</id></pin>
    </net>
  <net><id>D8</id>
    <pin><id>R87.1</id></pin>
    <pin><id>RN1.6</id></pin>
    <pin><id>U16.139</id></pin>
    </net>
  <net><id>N14642971</id>
    <pin><id>R78.2</id></pin>
    <pin><id>R33.1</id></pin>
    <pin><id>TP29.1</id></pin>
    </net>
  <net><id>N14643455</id>
    <pin><id>U16.9</id></pin>
    <pin><id>R97.1</id></pin>
    </net>
  <net><id>N14646254</id>
    <pin><id>U14.1</id></pin>
    <pin><id>RN3.8</id></pin>
    <pin><id>U16.84</id></pin>
    </net>
  <net><id>N14646239</id>
    <pin><id>RN3.9</id></pin>
    <pin><id>U16.82</id></pin>
    <pin><id>U14.6</id></pin>
    </net>
  <net><id>N14646235</id>
    <pin><id>RN3.7</id></pin>
    <pin><id>U16.85</id></pin>
    <pin><id>U14.5</id></pin>
    </net>
  <net><id>PFCMP1</id>
    <pin><id>U17.96</id></pin>
    <pin><id>U4.7</id></pin>
    </net>
  <net><id>PFCMP0</id>
    <pin><id>U17.91</id></pin>
    <pin><id>U4.1</id></pin>
    </net>
  <net><id>N14770613</id>
    <pin><id>C57.1</id></pin>
    <pin><id>VR3.VIN</id></pin>
    <pin><id>D19.CATHODE</id></pin>
    <pin><id>TP23.1</id></pin>
    </net>
  <net><id>VREF</id>
    <pin><id>TP18.1</id></pin>
    <pin><id>R22.1</id></pin>
    <pin><id>R44.2</id></pin>
    <pin><id>U9.1</id></pin>
    <pin><id>U6.27</id></pin>
    </net>
  <net><id>VPP</id>
    <pin><id>J5.1</id></pin>
    <pin><id>R123.1</id></pin>
    <pin><id>R37.2</id></pin>
    <pin><id>U6.9</id></pin>
    </net>
  <net><id>VDIFF</id>
    <pin><id>TP12.1</id></pin>
    <pin><id>U7.1</id></pin>
    <pin><id>U6.30</id></pin>
    </net>
  <net><id>VCCP</id>
    <pin><id>U10.VOUT</id></pin>
    <pin><id>Q7.SOURCE</id></pin>
    <pin><id>C45.1</id></pin>
    <pin><id>R74.2</id></pin>
    </net>
  <net><id>VCC2</id>
    <pin><id>C112.1</id></pin>
    <pin><id>C108.1</id></pin>
    <pin><id>U4.8</id></pin>
    <pin><id>TP25.1</id></pin>
    <pin><id>C60.1</id></pin>
    <pin><id>Q7.DRAIN</id></pin>
    <pin><id>C56.1</id></pin>
    <pin><id>R98.1</id></pin>
    <pin><id>C23.1</id></pin>
    <pin><id>C10.1</id></pin>
    <pin><id>C8.1</id></pin>
    <pin><id>J9.8</id></pin>
    <pin><id>R99.1</id></pin>
    <pin><id>U15.8</id></pin>
    <pin><id>U13.12</id></pin>
    <pin><id>U13.6</id></pin>
    <pin><id>U13.1</id></pin>
    <pin><id>U1.20</id></pin>
    <pin><id>U2.20</id></pin>
    <pin><id>U13.7</id></pin>
    </net>
  <net><id>VCC</id>
    <pin><id>R151.2</id></pin>
    <pin><id>C50.1</id></pin>
    <pin><id>R67.1</id></pin>
    <pin><id>D13.ANODE</id></pin>
    <pin><id>VR2.5</id></pin>
    <pin><id>L3.1</id></pin>
    <pin><id>D8.CATHODE</id></pin>
    <pin><id>U5.4</id></pin>
    <pin><id>D9.CATHODE</id></pin>
    <pin><id>U3.4</id></pin>
    <pin><id>U22.8</id></pin>
    <pin><id>C18.1</id></pin>
    <pin><id>U7.8</id></pin>
    <pin><id>C9.1</id></pin>
    <pin><id>C4.2</id></pin>
    <pin><id>C22.1</id></pin>
    <pin><id>U21.2</id></pin>
    <pin><id>U20.16</id></pin>
    <pin><id>J4.1</id></pin>
    <pin><id>J5.2</id></pin>
    <pin><id>U24.VDD</id></pin>
    <pin><id>R116.2</id></pin>
    <pin><id>R117.2</id></pin>
    <pin><id>C86.1</id></pin>
    <pin><id>R112.2</id></pin>
    <pin><id>R111.2</id></pin>
    <pin><id>R110.2</id></pin>
    <pin><id>C85.2</id></pin>
    <pin><id>R114.2</id></pin>
    <pin><id>R25.2</id></pin>
    <pin><id>R127.2</id></pin>
    <pin><id>R8.2</id></pin>
    <pin><id>R9.2</id></pin>
    <pin><id>C1.1</id></pin>
    <pin><id>R3.2</id></pin>
    <pin><id>C2.1</id></pin>
    <pin><id>R28.2</id></pin>
    <pin><id>R1.2</id></pin>
    <pin><id>R2.2</id></pin>
    <pin><id>C21.2</id></pin>
    <pin><id>C19.2</id></pin>
    <pin><id>C17.2</id></pin>
    <pin><id>C7.2</id></pin>
    <pin><id>R7.1</id></pin>
    <pin><id>C30.2</id></pin>
    <pin><id>C34.1</id></pin>
    <pin><id>C43.1</id></pin>
    <pin><id>R48.1</id></pin>
    <pin><id>R47.1</id></pin>
    <pin><id>R46.1</id></pin>
    <pin><id>R45.1</id></pin>
    <pin><id>R44.1</id></pin>
    <pin><id>R68.1</id></pin>
    <pin><id>J3.2</id></pin>
    <pin><id>C87.2</id></pin>
    <pin><id>D2.CATHODE2</id></pin>
    <pin><id>R118.2</id></pin>
    <pin><id>C20.1</id></pin>
    <pin><id>C41.1</id></pin>
    <pin><id>R36.2</id></pin>
    <pin><id>D7.CATHODE</id></pin>
    <pin><id>J2.1</id></pin>
    <pin><id>J2.15</id></pin>
    <pin><id>U6.24</id></pin>
    <pin><id>U6.32</id></pin>
    <pin><id>U6.48</id></pin>
    <pin><id>U6.71</id></pin>
    <pin><id>U26.1</id></pin>
    <pin><id>C115.2</id></pin>
    <pin><id>R150.1</id></pin>
    </net>
  <net><id>VBATT</id>
    <pin><id>VR3.VOUT</id></pin>
    <pin><id>VR3.TAB</id></pin>
    <pin><id>R72.2</id></pin>
    <pin><id>C58.1</id></pin>
    <pin><id>C59.1</id></pin>
    <pin><id>TP24.1</id></pin>
    <pin><id>R106.1</id></pin>
    <pin><id>R104.1</id></pin>
    <pin><id>C109.1</id></pin>
    <pin><id>Q11.SOURCE</id></pin>
    </net>
  <net><id>V-SUPPLY</id>
    <pin><id>U23.2</id></pin>
    <pin><id>D1.ANODE1</id></pin>
    <pin><id>U8.4</id></pin>
    <pin><id>R19.1</id></pin>
    <pin><id>C38.2</id></pin>
    </net>
  <net><id>V-</id>
    <pin><id>C51.2</id></pin>
    <pin><id>U12.5</id></pin>
    <pin><id>R19.2</id></pin>
    </net>
  <net><id>V+SUPPLY</id>
    <pin><id>U23.7</id></pin>
    <pin><id>D1.CATHODE2</id></pin>
    <pin><id>U8.7</id></pin>
    <pin><id>R10.2</id></pin>
    <pin><id>C33.1</id></pin>
    </net>
  <net><id>V+</id>
    <pin><id>D5.CATHODE2</id></pin>
    <pin><id>C54.1</id></pin>
    <pin><id>R10.1</id></pin>
    </net>
  <net><id>TXDPRNT</id>
    <pin><id>U16.20</id></pin>
    <pin><id>U6.6</id></pin>
    </net>
  <net><id>TX1</id>
    <pin><id>R9.1</id></pin>
    <pin><id>J3.3</id></pin>
    <pin><id>U6.37</id></pin>
    </net>
  <net><id>TESTOSC</id>
    <pin><id>TP17.1</id></pin>
    <pin><id>R43.2</id></pin>
    <pin><id>R39.1</id></pin>
    <pin><id>R38.1</id></pin>
    <pin><id>U6.36</id></pin>
    </net>
  <net><id>T</id>
    <pin><id>R1.1</id></pin>
    <pin><id>R56.2</id></pin>
    <pin><id>U6.60</id></pin>
    </net>
  <net><id>SW5</id>
    <pin><id>Q5.COLLECTOR</id></pin>
    <pin><id>R67.2</id></pin>
    <pin><id>U6.58</id></pin>
    </net>
  <net><id>SW4</id>
    <pin><id>R152.2</id></pin>
    <pin><id>SW4.2</id></pin>
    <pin><id>SW4.1</id></pin>
    <pin><id>R48.2</id></pin>
    <pin><id>U26.6</id></pin>
    </net>
  <net><id>SW3</id>
    <pin><id>SW3.2</id></pin>
    <pin><id>SW3.1</id></pin>
    <pin><id>R47.2</id></pin>
    <pin><id>U6.55</id></pin>
    </net>
  <net><id>SW2</id>
    <pin><id>SW2.1</id></pin>
    <pin><id>SW2.2</id></pin>
    <pin><id>R46.2</id></pin>
    <pin><id>U6.56</id></pin>
    </net>
  <net><id>SW1</id>
    <pin><id>SW1.1</id></pin>
    <pin><id>SW1.2</id></pin>
    <pin><id>R45.2</id></pin>
    <pin><id>U6.57</id></pin>
    </net>
  <net><id>SI</id>
    <pin><id>J9.3</id></pin>
    <pin><id>U1.16</id></pin>
    </net>
  <net><id>SD_VCC</id>
    <pin><id>L3.2</id></pin>
    <pin><id>C83.1</id></pin>
    <pin><id>C84.2</id></pin>
    <pin><id>C82.1</id></pin>
    <pin><id>J11.COMMON</id></pin>
    <pin><id>J11.4</id></pin>
    <pin><id>C88.1</id></pin>
    </net>
  <net><id>SD_PROTECT</id>
    <pin><id>R115.2</id></pin>
    <pin><id>C82.2</id></pin>
    <pin><id>J11.PROTECT</id></pin>
    <pin><id>U6.61</id></pin>
    </net>
  <net><id>SD_INSERTED</id>
    <pin><id>C83.2</id></pin>
    <pin><id>R113.1</id></pin>
    <pin><id>J11.INSERTED</id></pin>
    <pin><id>U6.62</id></pin>
    </net>
  <net><id>SDCS</id>
    <pin><id>J11.1</id></pin>
    <pin><id>U6.42</id></pin>
    </net>
  <net><id>SCK</id>
    <pin><id>U20.10</id></pin>
    <pin><id>U22.6</id></pin>
    <pin><id>TP20.1</id></pin>
    <pin><id>U21.16</id></pin>
    <pin><id>J11.5</id></pin>
    <pin><id>U6.44</id></pin>
    </net>
  <net><id>RXDPRNT</id>
    <pin><id>U16.21</id></pin>
    <pin><id>U6.7</id></pin>
    </net>
  <net><id>RX1</id>
    <pin><id>R8.1</id></pin>
    <pin><id>J3.1</id></pin>
    <pin><id>U6.38</id></pin>
    </net>
  <net><id>RTCCS</id>
    <pin><id>U20.15</id></pin>
    <pin><id>R114.1</id></pin>
    <pin><id>U6.40</id></pin>
    </net>
  <net><id>RG4</id>
    <pin><id>J4.2</id></pin>
    <pin><id>R25.1</id></pin>
    <pin><id>U6.10</id></pin>
    </net>
  <net><id>RF5</id>
    <pin><id>J4.5</id></pin>
    <pin><id>R28.1</id></pin>
    <pin><id>U6.15</id></pin>
    </net>
  <net><id>REVPOL</id>
    <pin><id>Q6.COLLECTOR</id></pin>
    <pin><id>R68.2</id></pin>
    <pin><id>U6.34</id></pin>
    </net>
  <net><id>R</id>
    <pin><id>R2.1</id></pin>
    <pin><id>R55.1</id></pin>
    <pin><id>U6.59</id></pin>
    </net>
  <net><id>PWRON</id>
    <pin><id>D23.ANODE1</id></pin>
    <pin><id>R64.2</id></pin>
    <pin><id>U6.35</id></pin>
    </net>
  <net><id>PRINT_ENABLE</id>
    <pin><id>U6.8</id></pin>
    <pin><id>D25.ANODE2</id></pin>
    <pin><id>R153.1</id></pin>
    <pin><id>U26.7</id></pin>
    </net>
  <net><id>PMOTOR</id>
    <pin><id>J4.7</id></pin>
    <pin><id>R108.1</id></pin>
    <pin><id>U6.53</id></pin>
    </net>
  <net><id>PINSTALL</id>
    <pin><id>J4.4</id></pin>
    <pin><id>R127.1</id></pin>
    <pin><id>R128.2</id></pin>
    <pin><id>U6.13</id></pin>
    </net>
  <net><id>PGD</id>
    <pin><id>J5.4</id></pin>
    <pin><id>U6.47</id></pin>
    </net>
  <net><id>PGC</id>
    <pin><id>J5.5</id></pin>
    <pin><id>U6.52</id></pin>
    </net>
  <net><id>PELED</id>
    <pin><id>U2.3</id></pin>
    <pin><id>R145.2</id></pin>
    </net>
  <net><id>PE</id>
    <pin><id>J4.11</id></pin>
    <pin><id>U17.52</id></pin>
    </net>
  <net><id>OUTPUT</id>
    <pin><id>U8.2</id></pin>
    <pin><id>U8.6</id></pin>
    <pin><id>U23.6</id></pin>
    <pin><id>U23.5</id></pin>
    <pin><id>C37.1</id></pin>
    <pin><id>R34.1</id></pin>
    </net>
  <net><id>N128648880</id>
    <pin><id>R124.1</id></pin>
    <pin><id>LED3.ANODE</id></pin>
    </net>
  <net><id>N124607970</id>
    <pin><id>LED2.ANODE</id></pin>
    <pin><id>R119.1</id></pin>
    </net>
  <net><id>N13791538</id>
    <pin><id>U11.6</id></pin>
    <pin><id>R122.1</id></pin>
    </net>
  <net><id>N12970329</id>
    <pin><id>R70.2</id></pin>
    <pin><id>R126.2</id></pin>
    <pin><id>Q5.BASE</id></pin>
    </net>
  <net><id>N12968973</id>
    <pin><id>R65.2</id></pin>
    <pin><id>Q4.BASE</id></pin>
    <pin><id>R66.2</id></pin>
    </net>
  <net><id>N12790963</id>
    <pin><id>D24.CATHODE</id></pin>
    <pin><id>SW5.1</id></pin>
    <pin><id>SW5.2</id></pin>
    </net>
  <net><id>N12727261</id>
    <pin><id>U24.RST</id></pin>
    <pin><id>R123.2</id></pin>
    </net>
  <net><id>N12097068</id>
    <pin><id>Q13.BASE</id></pin>
    <pin><id>R121.2</id></pin>
    </net>
  <net><id>N12096681</id>
    <pin><id>Q13.COLLECTOR</id></pin>
    <pin><id>BZR1.GND</id></pin>
    </net>
  <net><id>N12087826</id>
    <pin><id>U20.7</id></pin>
    <pin><id>BT1.1</id></pin>
    </net>
  <net><id>N12080047</id>
    <pin><id>U20.2</id></pin>
    <pin><id>Y3.2</id></pin>
    </net>
  <net><id>N12079693</id>
    <pin><id>U20.1</id></pin>
    <pin><id>Y3.1</id></pin>
    </net>
  <net><id>N14769578</id>
    <pin><id>Q8.BASE</id></pin>
    <pin><id>R76.2</id></pin>
    </net>
  <net><id>N14769570</id>
    <pin><id>Q8.COLLECTOR</id></pin>
    <pin><id>R75.1</id></pin>
    </net>
  <net><id>N11993420</id>
    <pin><id>L1.2</id></pin>
    <pin><id>J7.5</id></pin>
    </net>
  <net><id>N11992138</id>
    <pin><id>J7.6</id></pin>
    <pin><id>L2.1</id></pin>
    </net>
  <net><id>N11991612</id>
    <pin><id>L2.2</id></pin>
    <pin><id>R56.1</id></pin>
    </net>
  <net><id>N11974935</id>
    <pin><id>L1.1</id></pin>
    <pin><id>R55.2</id></pin>
    </net>
  <net><id>N11960837</id>
    <pin><id>U5.10</id></pin>
    <pin><id>R52.2</id></pin>
    </net>
  <net><id>N11951717</id>
    <pin><id>U5.5</id></pin>
    <pin><id>R51.2</id></pin>
    </net>
  <net><id>N11864779</id>
    <pin><id>C11.1</id></pin>
    <pin><id>J2.9</id></pin>
    </net>
  <net><id>N11864763</id>
    <pin><id>C6.1</id></pin>
    <pin><id>J2.11</id></pin>
    </net>
  <net><id>N11864755</id>
    <pin><id>C5.1</id></pin>
    <pin><id>J2.13</id></pin>
    </net>
  <net><id>N11864751</id>
    <pin><id>C4.1</id></pin>
    <pin><id>J2.14</id></pin>
    </net>
  <net><id>N11864485</id>
    <pin><id>R6.1</id></pin>
    <pin><id>R5.1</id></pin>
    <pin><id>J2.7</id></pin>
    </net>
  <net><id>N11864441</id>
    <pin><id>C16.1</id></pin>
    <pin><id>J2.2</id></pin>
    </net>
  <net><id>N11864367</id>
    <pin><id>Q1.BASE</id></pin>
    <pin><id>R4.1</id></pin>
    </net>
  <net><id>N11864333</id>
    <pin><id>Q1.COLLECTOR</id></pin>
    <pin><id>J1.2</id></pin>
    </net>
  <net><id>N11864321</id>
    <pin><id>C15.1</id></pin>
    <pin><id>J2.3</id></pin>
    </net>
  <net><id>N11864317</id>
    <pin><id>C6.2</id></pin>
    <pin><id>J2.10</id></pin>
    </net>
  <net><id>N11864291</id>
    <pin><id>C14.1</id></pin>
    <pin><id>J2.4</id></pin>
    </net>
  <net><id>N11864267</id>
    <pin><id>C11.2</id></pin>
    <pin><id>J2.8</id></pin>
    </net>
  <net><id>N11864263</id>
    <pin><id>C12.1</id></pin>
    <pin><id>R6.2</id></pin>
    <pin><id>J2.6</id></pin>
    </net>
  <net><id>N11864235</id>
    <pin><id>C13.1</id></pin>
    <pin><id>J2.5</id></pin>
    </net>
  <net><id>N11864131</id>
    <pin><id>C5.2</id></pin>
    <pin><id>J2.12</id></pin>
    </net>
  <net><id>N11781662</id>
    <pin><id>Q12.BASE</id></pin>
    <pin><id>R120.2</id></pin>
    </net>
  <net><id>N11781658</id>
    <pin><id>Q12.COLLECTOR</id></pin>
    <pin><id>LED2.CATHODE</id></pin>
    <pin><id>LED3.CATHODE</id></pin>
    </net>
  <net><id>N11736593</id>
    <pin><id>Y1.1</id></pin>
    <pin><id>U6.49</id></pin>
    </net>
  <net><id>N11736571</id>
    <pin><id>Y1.3</id></pin>
    <pin><id>U6.50</id></pin>
    </net>
  <net><id>N11717262</id>
    <pin><id>R27.2</id></pin>
    <pin><id>U6.74</id></pin>
    </net>
  <net><id>N11600884</id>
    <pin><id>C29.1</id></pin>
    <pin><id>R7.2</id></pin>
    <pin><id>U6.25</id></pin>
    </net>
  <net><id>N11558930</id>
    <pin><id>C3.1</id></pin>
    <pin><id>U6.12</id></pin>
    </net>
  <net><id>N11551571</id>
    <pin><id>R26.1</id></pin>
    <pin><id>U6.14</id></pin>
    </net>
  <net><id>N8381000</id>
    <pin><id>LED1.ANODE</id></pin>
    <pin><id>R43.1</id></pin>
    </net>
  <net><id>N8232329</id>
    <pin><id>U12.4</id></pin>
    <pin><id>C52.2</id></pin>
    </net>
  <net><id>N8232249</id>
    <pin><id>C53.1</id></pin>
    <pin><id>D5.COMMON</id></pin>
    </net>
  <net><id>N8232087</id>
    <pin><id>U12.2</id></pin>
    <pin><id>C52.1</id></pin>
    <pin><id>C53.2</id></pin>
    </net>
  <net><id>N8194099</id>
    <pin><id>U5.13</id></pin>
    <pin><id>R30.2</id></pin>
    <pin><id>R24.2</id></pin>
    </net>
  <net><id>N8193782</id>
    <pin><id>U5.12</id></pin>
    <pin><id>R34.2</id></pin>
    </net>
  <net><id>N8163806</id>
    <pin><id>U3.3</id></pin>
    <pin><id>R15.2</id></pin>
    </net>
  <net><id>N8161744</id>
    <pin><id>U3.5</id></pin>
    <pin><id>R14.2</id></pin>
    </net>
  <net><id>N7903980</id>
    <pin><id>Q6.BASE</id></pin>
    <pin><id>R71.2</id></pin>
    </net>
  <net><id>N7903776</id>
    <pin><id>U11.4</id></pin>
    <pin><id>D17.ANODE</id></pin>
    <pin><id>R130.1</id></pin>
    <pin><id>R71.1</id></pin>
    </net>
  <net><id>N7903009</id>
    <pin><id>D18.ANODE</id></pin>
    <pin><id>R69.2</id></pin>
    </net>
  <net><id>N7902813</id>
    <pin><id>U11.1</id></pin>
    <pin><id>D18.CATHODE</id></pin>
    </net>
  <net><id>N7898211</id>
    <pin><id>SW5.4</id></pin>
    <pin><id>SW5.3</id></pin>
    <pin><id>D12.ANODE</id></pin>
    <pin><id>R70.1</id></pin>
    </net>
  <net><id>N7892585</id>
    <pin><id>D12.CATHODE</id></pin>
    <pin><id>D17.CATHODE</id></pin>
    <pin><id>D23.CATHODE</id></pin>
    <pin><id>R65.1</id></pin>
    </net>
  <net><id>N7891933</id>
    <pin><id>R62.2</id></pin>
    <pin><id>Q4.COLLECTOR</id></pin>
    </net>
  <net><id>N7884487</id>
    <pin><id>U10.VIN</id></pin>
    <pin><id>C47.1</id></pin>
    <pin><id>C44.1</id></pin>
    <pin><id>C46.1</id></pin>
    <pin><id>D10.CATHODE</id></pin>
    <pin><id>D11.CATHODE</id></pin>
    <pin><id>VR1.VIN</id></pin>
    </net>
  <net><id>N7882837</id>
    <pin><id>D11.ANODE</id></pin>
    <pin><id>Q3.DRAIN</id></pin>
    <pin><id>R61.1</id></pin>
    </net>
  <net><id>N7882314</id>
    <pin><id>Q3.GATE</id></pin>
    <pin><id>R62.1</id></pin>
    <pin><id>R60.2</id></pin>
    </net>
  <net><id>N7838434</id>
    <pin><id>D7.ANODE</id></pin>
    <pin><id>R36.1</id></pin>
    <pin><id>C40.1</id></pin>
    <pin><id>R37.1</id></pin>
    </net>
  <net><id>N7815027</id>
    <pin><id>D9.ANODE</id></pin>
    <pin><id>R54.1</id></pin>
    <pin><id>R52.1</id></pin>
    <pin><id>R50.1</id></pin>
    </net>
  <net><id>N7812531</id>
    <pin><id>D8.ANODE</id></pin>
    <pin><id>R49.1</id></pin>
    <pin><id>R53.1</id></pin>
    <pin><id>R51.1</id></pin>
    </net>
  <net><id>N7797897</id>
    <pin><id>U5.2</id></pin>
    <pin><id>R41.2</id></pin>
    <pin><id>R42.1</id></pin>
    </net>
  <net><id>N7796179</id>
    <pin><id>U5.3</id></pin>
    <pin><id>R39.2</id></pin>
    <pin><id>R40.1</id></pin>
    <pin><id>Q2.SOURCE</id></pin>
    </net>
  <net><id>N7793949</id>
    <pin><id>Q2.GATE</id></pin>
    <pin><id>R38.2</id></pin>
    </net>
  <net><id>N7793869</id>
    <pin><id>R35.2</id></pin>
    <pin><id>Q2.DRAIN</id></pin>
    </net>
  <net><id>N7793727</id>
    <pin><id>D6.CATHODE</id></pin>
    <pin><id>R35.1</id></pin>
    </net>
  <net><id>N7781040</id>
    <pin><id>U3.12</id></pin>
    <pin><id>C36.2</id></pin>
    <pin><id>R16.1</id></pin>
    </net>
  <net><id>N7772995</id>
    <pin><id>U3.13</id></pin>
    <pin><id>U7.3</id></pin>
    <pin><id>U3.14</id></pin>
    </net>
  <net><id>N7759733</id>
    <pin><id>U3.7</id></pin>
    <pin><id>C36.1</id></pin>
    <pin><id>R12.2</id></pin>
    <pin><id>C32.2</id></pin>
    </net>
  <net><id>N7757690</id>
    <pin><id>U3.6</id></pin>
    <pin><id>C32.1</id></pin>
    <pin><id>R12.1</id></pin>
    <pin><id>R18.1</id></pin>
    </net>
  <net><id>N7757374</id>
    <pin><id>C35.2</id></pin>
    <pin><id>R14.1</id></pin>
    <pin><id>R17.1</id></pin>
    </net>
  <net><id>N7753252</id>
    <pin><id>U3.1</id></pin>
    <pin><id>C35.1</id></pin>
    <pin><id>R11.2</id></pin>
    <pin><id>C31.2</id></pin>
    </net>
  <net><id>N7752930</id>
    <pin><id>U3.2</id></pin>
    <pin><id>R21.1</id></pin>
    <pin><id>R11.1</id></pin>
    <pin><id>C31.1</id></pin>
    </net>
  <net><id>N7750330</id>
    <pin><id>D2.COMMON</id></pin>
    <pin><id>R15.1</id></pin>
    <pin><id>C37.2</id></pin>
    <pin><id>R20.1</id></pin>
    </net>
  <net><id>N7743247</id>
    <pin><id>U3.9</id></pin>
    <pin><id>U3.8</id></pin>
    <pin><id>U7.2</id></pin>
    <pin><id>R16.2</id></pin>
    <pin><id>R17.2</id></pin>
    <pin><id>R18.2</id></pin>
    <pin><id>R20.2</id></pin>
    <pin><id>R21.2</id></pin>
    </net>
  <net><id>N7742660</id>
    <pin><id>U3.10</id></pin>
    <pin><id>R22.2</id></pin>
    <pin><id>C39.1</id></pin>
    <pin><id>R23.1</id></pin>
    </net>
  <net><id>N14770621</id>
    <pin><id>VR3.ADJ</id></pin>
    <pin><id>R73.1</id></pin>
    <pin><id>R72.1</id></pin>
    </net>
  <net><id>N14769770</id>
    <pin><id>Q7.GATE</id></pin>
    <pin><id>R75.2</id></pin>
    <pin><id>R74.1</id></pin>
    </net>
  <net><id>MOSI</id>
    <pin><id>U21.15</id></pin>
    <pin><id>TP19.1</id></pin>
    <pin><id>U20.12</id></pin>
    <pin><id>U22.5</id></pin>
    <pin><id>J11.2</id></pin>
    <pin><id>U6.46</id></pin>
    </net>
  <net><id>MISO</id>
    <pin><id>U20.9</id></pin>
    <pin><id>TP21.1</id></pin>
    <pin><id>U21.8</id></pin>
    <pin><id>R125.2</id></pin>
    <pin><id>J11.7</id></pin>
    <pin><id>U22.2</id></pin>
    <pin><id>U6.45</id></pin>
    </net>
  <net><id>LCDWR</id>
    <pin><id>J2.26</id></pin>
    <pin><id>U6.3</id></pin>
    </net>
  <net><id>LCDRST</id>
    <pin><id>J2.28</id></pin>
    <pin><id>U6.76</id></pin>
    </net>
  <net><id>LCDRS</id>
    <pin><id>J2.27</id></pin>
    <pin><id>U6.77</id></pin>
    </net>
  <net><id>LCDRD</id>
    <pin><id>J2.25</id></pin>
    <pin><id>U6.4</id></pin>
    </net>
  <net><id>LCDCS</id>
    <pin><id>R3.1</id></pin>
    <pin><id>J2.29</id></pin>
    <pin><id>U6.78</id></pin>
    </net>
  <net><id>LCD7</id>
    <pin><id>J2.17</id></pin>
    <pin><id>U6.63</id></pin>
    </net>
  <net><id>LCD6</id>
    <pin><id>J2.18</id></pin>
    <pin><id>U6.64</id></pin>
    </net>
  <net><id>LCD5</id>
    <pin><id>J2.19</id></pin>
    <pin><id>U6.65</id></pin>
    </net>
  <net><id>LCD4</id>
    <pin><id>J2.20</id></pin>
    <pin><id>U6.66</id></pin>
    </net>
  <net><id>LCD3</id>
    <pin><id>J2.21</id></pin>
    <pin><id>U6.67</id></pin>
    </net>
  <net><id>LCD2</id>
    <pin><id>J2.22</id></pin>
    <pin><id>U6.68</id></pin>
    </net>
  <net><id>LCD1</id>
    <pin><id>J2.23</id></pin>
    <pin><id>U6.69</id></pin>
    </net>
  <net><id>LCD0</id>
    <pin><id>J2.24</id></pin>
    <pin><id>U6.72</id></pin>
    </net>
  <net><id>IRXMIT</id>
    <pin><id>R120.1</id></pin>
    <pin><id>U6.5</id></pin>
    </net>
  <net><id>IDIFF</id>
    <pin><id>TP13.1</id></pin>
    <pin><id>U5.1</id></pin>
    <pin><id>R42.2</id></pin>
    <pin><id>U6.29</id></pin>
    </net>
  <net><id>HEADUP</id>
    <pin><id>R147.1</id></pin>
    <pin><id>J4.3</id></pin>
    <pin><id>Q15.COLLECTOR</id></pin>
    <pin><id>U6.16</id></pin>
    </net>
  <net><id>GND_SIGNAL</id>
    <pin><id>R57.2</id></pin>
    <pin><id>U12.3</id></pin>
    <pin><id>U23.3</id></pin>
    <pin><id>C54.2</id></pin>
    <pin><id>U8.3</id></pin>
    <pin><id>C51.1</id></pin>
    <pin><id>D1.COMMON</id></pin>
    <pin><id>U5.11</id></pin>
    <pin><id>U3.11</id></pin>
    <pin><id>D2.ANODE1</id></pin>
    <pin><id>U7.4</id></pin>
    <pin><id>C29.2</id></pin>
    <pin><id>R30.1</id></pin>
    <pin><id>C38.1</id></pin>
    <pin><id>C33.2</id></pin>
    <pin><id>C30.1</id></pin>
    <pin><id>C34.2</id></pin>
    <pin><id>C39.2</id></pin>
    <pin><id>R23.2</id></pin>
    <pin><id>C43.2</id></pin>
    <pin><id>R63.2</id></pin>
    <pin><id>U9.2</id></pin>
    <pin><id>U6.26</id></pin>
    <pin><id>U6.28</id></pin>
    </net>
  <net><id>GND_EARTH</id>
    <pin><id>R40.2</id></pin>
    <pin><id>R41.1</id></pin>
    <pin><id>R59.2</id></pin>
    </net>
  <net><id>GND</id>
    <pin><id>R156.2</id></pin>
    <pin><id>R155.2</id></pin>
    <pin><id>U26.8</id></pin>
    <pin><id>U14.4</id></pin>
    <pin><id>R147.2</id></pin>
    <pin><id>Q9.EMITTER</id></pin>
    <pin><id>U17.37</id></pin>
    <pin><id>U17.38</id></pin>
    <pin><id>R141.2</id></pin>
    <pin><id>C76.2</id></pin>
    <pin><id>C73.2</id></pin>
    <pin><id>C95.2</id></pin>
    <pin><id>C108.2</id></pin>
    <pin><id>R89.2</id></pin>
    <pin><id>C79.2</id></pin>
    <pin><id>C78.2</id></pin>
    <pin><id>C89.2</id></pin>
    <pin><id>Y2.4</id></pin>
    <pin><id>C90.2</id></pin>
    <pin><id>C96.2</id></pin>
    <pin><id>R143.1</id></pin>
    <pin><id>R144.1</id></pin>
    <pin><id>C104.2</id></pin>
    <pin><id>Y2.2</id></pin>
    <pin><id>R97.2</id></pin>
    <pin><id>C65.2</id></pin>
    <pin><id>C102.2</id></pin>
    <pin><id>C10.2</id></pin>
    <pin><id>C94.2</id></pin>
    <pin><id>C26.2</id></pin>
    <pin><id>RP2.8</id></pin>
    <pin><id>C97.2</id></pin>
    <pin><id>C42.2</id></pin>
    <pin><id>R102.1</id></pin>
    <pin><id>C23.2</id></pin>
    <pin><id>C100.2</id></pin>
    <pin><id>C25.2</id></pin>
    <pin><id>R101.1</id></pin>
    <pin><id>C27.2</id></pin>
    <pin><id>R129.2</id></pin>
    <pin><id>R135.2</id></pin>
    <pin><id>C61.2</id></pin>
    <pin><id>C66.2</id></pin>
    <pin><id>C63.2</id></pin>
    <pin><id>R87.2</id></pin>
    <pin><id>R86.2</id></pin>
    <pin><id>R85.2</id></pin>
    <pin><id>R84.2</id></pin>
    <pin><id>R80.2</id></pin>
    <pin><id>R81.2</id></pin>
    <pin><id>R82.2</id></pin>
    <pin><id>C64.2</id></pin>
    <pin><id>C71.2</id></pin>
    <pin><id>C62.2</id></pin>
    <pin><id>C70.2</id></pin>
    <pin><id>R96.2</id></pin>
    <pin><id>C72.2</id></pin>
    <pin><id>R83.2</id></pin>
    <pin><id>C91.2</id></pin>
    <pin><id>C74.2</id></pin>
    <pin><id>C92.2</id></pin>
    <pin><id>R93.2</id></pin>
    <pin><id>R88.2</id></pin>
    <pin><id>R90.2</id></pin>
    <pin><id>C77.2</id></pin>
    <pin><id>R95.2</id></pin>
    <pin><id>R94.2</id></pin>
    <pin><id>R92.2</id></pin>
    <pin><id>R91.2</id></pin>
    <pin><id>C75.2</id></pin>
    <pin><id>C81.2</id></pin>
    <pin><id>C67.2</id></pin>
    <pin><id>C80.2</id></pin>
    <pin><id>C68.2</id></pin>
    <pin><id>C55.2</id></pin>
    <pin><id>C106.2</id></pin>
    <pin><id>C98.2</id></pin>
    <pin><id>R138.2</id></pin>
    <pin><id>R137.2</id></pin>
    <pin><id>C101.2</id></pin>
    <pin><id>C103.2</id></pin>
    <pin><id>C110.2</id></pin>
    <pin><id>C105.2</id></pin>
    <pin><id>C99.2</id></pin>
    <pin><id>C28.2</id></pin>
    <pin><id>R31.2</id></pin>
    <pin><id>C107.2</id></pin>
    <pin><id>C24.2</id></pin>
    <pin><id>R105.2</id></pin>
    <pin><id>C111.2</id></pin>
    <pin><id>C88.2</id></pin>
    <pin><id>C8.2</id></pin>
    <pin><id>BT1.2</id></pin>
    <pin><id>R58.2</id></pin>
    <pin><id>VR1.TAB</id></pin>
    <pin><id>VR1.GND</id></pin>
    <pin><id>Q13.EMITTER</id></pin>
    <pin><id>VR2.2</id></pin>
    <pin><id>C49.2</id></pin>
    <pin><id>C50.2</id></pin>
    <pin><id>C47.2</id></pin>
    <pin><id>U10.GND</id></pin>
    <pin><id>U10.TAB</id></pin>
    <pin><id>C18.2</id></pin>
    <pin><id>C20.2</id></pin>
    <pin><id>U22.4</id></pin>
    <pin><id>Q6.EMITTER</id></pin>
    <pin><id>Q12.EMITTER</id></pin>
    <pin><id>C58.2</id></pin>
    <pin><id>C3.2</id></pin>
    <pin><id>C22.2</id></pin>
    <pin><id>Y1.2</id></pin>
    <pin><id>C9.2</id></pin>
    <pin><id>Q5.EMITTER</id></pin>
    <pin><id>Q1.EMITTER</id></pin>
    <pin><id>U21.10</id></pin>
    <pin><id>U20.13</id></pin>
    <pin><id>U20.4</id></pin>
    <pin><id>U20.8</id></pin>
    <pin><id>LED4.CATHODE</id></pin>
    <pin><id>LED5.CATHODE</id></pin>
    <pin><id>Q8.EMITTER</id></pin>
    <pin><id>J4.12</id></pin>
    <pin><id>SW1.3</id></pin>
    <pin><id>SW1.4</id></pin>
    <pin><id>SW2.3</id></pin>
    <pin><id>SW2.4</id></pin>
    <pin><id>LED1.CATHODE</id></pin>
    <pin><id>SW3.3</id></pin>
    <pin><id>SW3.4</id></pin>
    <pin><id>R130.2</id></pin>
    <pin><id>SW4.3</id></pin>
    <pin><id>SW4.4</id></pin>
    <pin><id>J9.4</id></pin>
    <pin><id>J9.10</id></pin>
    <pin><id>J9.13</id></pin>
    <pin><id>J9.17</id></pin>
    <pin><id>TVS2.2</id></pin>
    <pin><id>TVS1.2</id></pin>
    <pin><id>J9.19</id></pin>
    <pin><id>J9.20</id></pin>
    <pin><id>J9.21</id></pin>
    <pin><id>J10.6</id></pin>
    <pin><id>J8.1</id></pin>
    <pin><id>J5.3</id></pin>
    <pin><id>U24.VSS</id></pin>
    <pin><id>R125.1</id></pin>
    <pin><id>C86.2</id></pin>
    <pin><id>C85.1</id></pin>
    <pin><id>R113.2</id></pin>
    <pin><id>C84.1</id></pin>
    <pin><id>R115.1</id></pin>
    <pin><id>C1.2</id></pin>
    <pin><id>C12.2</id></pin>
    <pin><id>C16.2</id></pin>
    <pin><id>C15.2</id></pin>
    <pin><id>C14.2</id></pin>
    <pin><id>C13.2</id></pin>
    <pin><id>C2.2</id></pin>
    <pin><id>C21.1</id></pin>
    <pin><id>C19.1</id></pin>
    <pin><id>C17.1</id></pin>
    <pin><id>C7.1</id></pin>
    <pin><id>C40.2</id></pin>
    <pin><id>C41.2</id></pin>
    <pin><id>R122.2</id></pin>
    <pin><id>R126.1</id></pin>
    <pin><id>R66.1</id></pin>
    <pin><id>R64.1</id></pin>
    <pin><id>C44.2</id></pin>
    <pin><id>C45.2</id></pin>
    <pin><id>Q4.EMITTER</id></pin>
    <pin><id>C46.2</id></pin>
    <pin><id>R77.1</id></pin>
    <pin><id>R73.2</id></pin>
    <pin><id>C57.2</id></pin>
    <pin><id>J3.4</id></pin>
    <pin><id>C48.2</id></pin>
    <pin><id>J9.16</id></pin>
    <pin><id>J11.3</id></pin>
    <pin><id>C59.2</id></pin>
    <pin><id>C60.2</id></pin>
    <pin><id>J10.9</id></pin>
    <pin><id>R5.2</id></pin>
    <pin><id>C87.1</id></pin>
    <pin><id>Q10.3</id></pin>
    <pin><id>C56.2</id></pin>
    <pin><id>C93.2</id></pin>
    <pin><id>C69.2</id></pin>
    <pin><id>R128.1</id></pin>
    <pin><id>C112.2</id></pin>
    <pin><id>C114.2</id></pin>
    <pin><id>U15.4</id></pin>
    <pin><id>U16.138</id></pin>
    <pin><id>U16.118</id></pin>
    <pin><id>U16.68</id></pin>
    <pin><id>U16.54</id></pin>
    <pin><id>U16.48</id></pin>
    <pin><id>U16.46</id></pin>
    <pin><id>U16.91</id></pin>
    <pin><id>U16.83</id></pin>
    <pin><id>U16.80</id></pin>
    <pin><id>U16.24</id></pin>
    <pin><id>U16.13</id></pin>
    <pin><id>U16.5</id></pin>
    <pin><id>U16.36</id></pin>
    <pin><id>U16.102</id></pin>
    <pin><id>U16.128</id></pin>
    <pin><id>U17.95</id></pin>
    <pin><id>U19.3</id></pin>
    <pin><id>U19.2</id></pin>
    <pin><id>U17.32</id></pin>
    <pin><id>U17.65</id></pin>
    <pin><id>U17.11</id></pin>
    <pin><id>U17.10</id></pin>
    <pin><id>U25.2</id></pin>
    <pin><id>U17.8</id></pin>
    <pin><id>U17.60</id></pin>
    <pin><id>U17.46</id></pin>
    <pin><id>U17.79</id></pin>
    <pin><id>U17.90</id></pin>
    <pin><id>U17.93</id></pin>
    <pin><id>U13.13</id></pin>
    <pin><id>U4.4</id></pin>
    <pin><id>U2.19</id></pin>
    <pin><id>U2.13</id></pin>
    <pin><id>U2.11</id></pin>
    <pin><id>U2.10</id></pin>
    <pin><id>U1.19</id></pin>
    <pin><id>U1.10</id></pin>
    <pin><id>U13.9</id></pin>
    <pin><id>U13.3</id></pin>
    <pin><id>U1.1</id></pin>
    <pin><id>U2.1</id></pin>
    <pin><id>U18.25</id></pin>
    <pin><id>U18.21</id></pin>
    <pin><id>U18.20</id></pin>
    <pin><id>U18.19</id></pin>
    <pin><id>U18.1</id></pin>
    <pin><id>U16.57</id></pin>
    <pin><id>J2.16</id></pin>
    <pin><id>U6.11</id></pin>
    <pin><id>U6.31</id></pin>
    <pin><id>U6.51</id></pin>
    <pin><id>U6.70</id></pin>
    <pin><id>C115.1</id></pin>
    <pin><id>C113.2</id></pin>
    </net>
  <net><id>G2</id>
    <pin><id>U7.7</id></pin>
    <pin><id>U6.1</id></pin>
    </net>
  <net><id>G1</id>
    <pin><id>U7.6</id></pin>
    <pin><id>U6.80</id></pin>
    </net>
  <net><id>G0</id>
    <pin><id>U7.5</id></pin>
    <pin><id>U6.79</id></pin>
    </net>
  <net><id>FLWP</id>
    <pin><id>U21.9</id></pin>
    <pin><id>R111.1</id></pin>
    <pin><id>U6.21</id></pin>
    </net>
  <net><id>FLHOLD</id>
    <pin><id>U21.1</id></pin>
    <pin><id>R110.1</id></pin>
    <pin><id>U6.19</id></pin>
    </net>
  <net><id>FLCS</id>
    <pin><id>U21.7</id></pin>
    <pin><id>R112.1</id></pin>
    <pin><id>U6.41</id></pin>
    </net>
  <net><id>FAULT</id>
    <pin><id>J4.8</id></pin>
    <pin><id>R27.1</id></pin>
    <pin><id>U17.54</id></pin>
    </net>
  <net><id>ERRORLED</id>
    <pin><id>U2.5</id></pin>
    <pin><id>R146.2</id></pin>
    </net>
  <net><id>EEWP</id>
    <pin><id>U22.3</id></pin>
    <pin><id>R117.1</id></pin>
    <pin><id>U6.22</id></pin>
    </net>
  <net><id>EEHOLD</id>
    <pin><id>U22.7</id></pin>
    <pin><id>R118.1</id></pin>
    <pin><id>U6.20</id></pin>
    </net>
  <net><id>EECS</id>
    <pin><id>U22.1</id></pin>
    <pin><id>R116.1</id></pin>
    <pin><id>U6.39</id></pin>
    </net>
  <net><id>DTR</id>
    <pin><id>J4.10</id></pin>
    <pin><id>U17.73</id></pin>
    <pin><id>U6.73</id></pin>
    </net>
  <net><id>D7</id>
    <pin><id>U16.137</id></pin>
    <pin><id>U17.21</id></pin>
    </net>
  <net><id>D6</id>
    <pin><id>U16.132</id></pin>
    <pin><id>U17.20</id></pin>
    </net>
  <net><id>D5</id>
    <pin><id>U16.131</id></pin>
    <pin><id>U17.19</id></pin>
    </net>
  <net><id>D4</id>
    <pin><id>U16.129</id></pin>
    <pin><id>U17.18</id></pin>
    </net>
  <net><id>D3</id>
    <pin><id>U16.127</id></pin>
    <pin><id>U17.17</id></pin>
    </net>
  <net><id>D2</id>
    <pin><id>U16.123</id></pin>
    <pin><id>U17.16</id></pin>
    </net>
  <net><id>D1</id>
    <pin><id>U16.122</id></pin>
    <pin><id>U17.15</id></pin>
    </net>
  <net><id>D0</id>
    <pin><id>U16.121</id></pin>
    <pin><id>U17.14</id></pin>
    </net>
  <net><id>D</id>
    <pin><id>U23.8</id></pin>
    <pin><id>J7.2</id></pin>
    <pin><id>TVS2.1</id></pin>
    <pin><id>U8.5</id></pin>
    <pin><id>R13.1</id></pin>
    </net>
  <net><id>CP</id>
    <pin><id>J9.12</id></pin>
    <pin><id>U1.18</id></pin>
    </net>
  <net><id>CDVOLTS</id>
    <pin><id>U5.14</id></pin>
    <pin><id>TP14.1</id></pin>
    <pin><id>R24.1</id></pin>
    <pin><id>U6.18</id></pin>
    </net>
  <net><id>CBVOLTS</id>
    <pin><id>U5.8</id></pin>
    <pin><id>U5.9</id></pin>
    <pin><id>TP16.1</id></pin>
    <pin><id>U6.23</id></pin>
    </net>
  <net><id>C</id>
    <pin><id>U23.1</id></pin>
    <pin><id>TVS1.1</id></pin>
    <pin><id>U8.1</id></pin>
    <pin><id>J7.4</id></pin>
    <pin><id>R13.2</id></pin>
    <pin><id>R50.2</id></pin>
    </net>
  <net><id>BUZZER</id>
    <pin><id>R121.1</id></pin>
    <pin><id>U6.2</id></pin>
    </net>
  <net><id>BUSY</id>
    <pin><id>J4.9</id></pin>
    <pin><id>R26.2</id></pin>
    <pin><id>U17.56</id></pin>
    </net>
  <net><id>BLIGHT</id>
    <pin><id>R4.2</id></pin>
    <pin><id>U6.43</id></pin>
    </net>
  <net><id>B</id>
    <pin><id>R57.1</id></pin>
    <pin><id>R58.1</id></pin>
    <pin><id>J7.3</id></pin>
    <pin><id>R59.1</id></pin>
    <pin><id>R54.2</id></pin>
    <pin><id>R53.2</id></pin>
    <pin><id>R69.1</id></pin>
    </net>
  <net><id>ABVOLTS</id>
    <pin><id>U5.7</id></pin>
    <pin><id>U5.6</id></pin>
    <pin><id>TP15.1</id></pin>
    <pin><id>U6.33</id></pin>
    </net>
  <net><id>A15</id>
    <pin><id>R88.1</id></pin>
    <pin><id>RN2.4</id></pin>
    <pin><id>U16.30</id></pin>
    </net>
  <net><id>A14</id>
    <pin><id>R89.1</id></pin>
    <pin><id>RN2.3</id></pin>
    <pin><id>U16.29</id></pin>
    </net>
  <net><id>A13</id>
    <pin><id>R90.1</id></pin>
    <pin><id>RN2.2</id></pin>
    <pin><id>U16.28</id></pin>
    </net>
  <net><id>A12</id>
    <pin><id>R91.1</id></pin>
    <pin><id>RN2.1</id></pin>
    <pin><id>U16.27</id></pin>
    </net>
  <net><id>A11</id>
    <pin><id>R92.1</id></pin>
    <pin><id>RN2.9</id></pin>
    <pin><id>U16.25</id></pin>
    </net>
  <net><id>A10</id>
    <pin><id>R93.1</id></pin>
    <pin><id>RN2.8</id></pin>
    <pin><id>U16.23</id></pin>
    </net>
  <net><id>A9</id>
    <pin><id>R94.1</id></pin>
    <pin><id>RN2.7</id></pin>
    <pin><id>U16.18</id></pin>
    </net>
  <net><id>A8</id>
    <pin><id>R95.1</id></pin>
    <pin><id>RN2.6</id></pin>
    <pin><id>U16.17</id></pin>
    </net>
  <net><id>A5</id>
    <pin><id>U16.12</id></pin>
    <pin><id>U17.5</id></pin>
    </net>
  <net><id>A4</id>
    <pin><id>U16.8</id></pin>
    <pin><id>U17.4</id></pin>
    </net>
  <net><id>A3</id>
    <pin><id>U16.7</id></pin>
    <pin><id>U17.3</id></pin>
    </net>
  <net><id>A2</id>
    <pin><id>U16.6</id></pin>
    <pin><id>U17.2</id></pin>
    </net>
  <net><id>A1</id>
    <pin><id>U16.4</id></pin>
    <pin><id>U17.1</id></pin>
    </net>
  <net><id>A</id>
    <pin><id>D10.ANODE</id></pin>
    <pin><id>D24.ANODE1</id></pin>
    <pin><id>D6.ANODE</id></pin>
    <pin><id>U11.2</id></pin>
    <pin><id>J7.1</id></pin>
    <pin><id>D19.ANODE</id></pin>
    <pin><id>R49.2</id></pin>
    <pin><id>D23.ANODE2</id></pin>
    </net>
  <net><id>9VLEVEL</id>
    <pin><id>R61.2</id></pin>
    <pin><id>R63.1</id></pin>
    <pin><id>U6.17</id></pin>
    </net>
  <net><id>9V</id>
    <pin><id>D24.ANODE2</id></pin>
    <pin><id>Q3.SOURCE</id></pin>
    <pin><id>U11.5</id></pin>
    <pin><id>J8.2</id></pin>
    <pin><id>R60.1</id></pin>
    </net>
  <net><id>+5V</id>
    <pin><id>VR1.VOUT</id></pin>
    <pin><id>BZR1.VCC</id></pin>
    <pin><id>C48.1</id></pin>
    <pin><id>VR2.3</id></pin>
    <pin><id>C49.1</id></pin>
    <pin><id>U12.8</id></pin>
    <pin><id>D5.ANODE1</id></pin>
    <pin><id>J1.1</id></pin>
    <pin><id>R124.2</id></pin>
    <pin><id>R119.2</id></pin>
    <pin><id>D13.CATHODE</id></pin>
    <pin><id>VR2.1</id></pin>
    </net>
  <package><id>PANASONIC_BR2032-1HE</id>
    <device><id>BATTERY_PANASONIC_BR2032-1HE__B</id>
      <instance><id>BT1</id></instance>
      </device>
    </package>
  <package><id>SOBERTON_WST-1205S</id>
    <device><id>BUZZER_SOBERTON_WST-1205S__WST-</id>
      <instance><id>BZR1</id></instance>
      </device>
    </package>
  <package><id>0603IPC</id>
    <device><id>CAP_0603IPC__0.1 UF</id>
      <instance><id>C1</id></instance>
      <instance><id>C115</id></instance>
      <instance><id>C17</id></instance>
      <instance><id>C19</id></instance>
      <instance><id>C2</id></instance>
      <instance><id>C21</id></instance>
      <instance><id>C30</id></instance>
      <instance><id>C34</id></instance>
      <instance><id>C40</id></instance>
      <instance><id>C41</id></instance>
      <instance><id>C43</id></instance>
      <instance><id>C44</id></instance>
      <instance><id>C45</id></instance>
      <instance><id>C46</id></instance>
      <instance><id>C7</id></instance>
      <instance><id>C82</id></instance>
      <instance><id>C83</id></instance>
      <instance><id>C84</id></instance>
      <instance><id>C85</id></instance>
      <instance><id>C86</id></instance>
      <instance><id>C87</id></instance>
      </device>
    <device><id>CAP_0603IPC__1000 PF</id>
      <instance><id>C10</id></instance>
      <instance><id>C23</id></instance>
      <instance><id>C8</id></instance>
      </device>
    <device><id>CAP_0603IPC_100 PF</id>
      <instance><id>C116</id></instance>
      <instance><id>C117</id></instance>
      </device>
    <device><id>CAP_0603IPC__470 PF</id>
      <instance><id>C31</id></instance>
      <instance><id>C32</id></instance>
      </device>
    <device><id>RESISTOR_0603IPC__10.0 K</id>
      <instance><id>R1</id></instance>
      <instance><id>R113</id></instance>
      <instance><id>R121</id></instance>
      <instance><id>R149</id></instance>
      <instance><id>R15</id></instance>
      <instance><id>R150</id></instance>
      <instance><id>R2</id></instance>
      <instance><id>R36</id></instance>
      <instance><id>R39</id></instance>
      <instance><id>R65</id></instance>
      <instance><id>R70</id></instance>
      <instance><id>R71</id></instance>
      <instance><id>R76</id></instance>
      </device>
    <device><id>RESISTOR_0603IPC__10 OHM</id>
      <instance><id>R10</id></instance>
      <instance><id>R19</id></instance>
      </device>
    <device><id>RESISTOR_0603IPC__100 K</id>
      <instance><id>R11</id></instance>
      <instance><id>R110</id></instance>
      <instance><id>R111</id></instance>
      <instance><id>R112</id></instance>
      <instance><id>R114</id></instance>
      <instance><id>R116</id></instance>
      <instance><id>R117</id></instance>
      <instance><id>R118</id></instance>
      <instance><id>R12</id></instance>
      <instance><id>R122</id></instance>
      <instance><id>R125</id></instance>
      <instance><id>R126</id></instance>
      <instance><id>R127</id></instance>
      <instance><id>R128</id></instance>
      <instance><id>R13</id></instance>
      <instance><id>R151</id></instance>
      <instance><id>R16</id></instance>
      <instance><id>R17</id></instance>
      <instance><id>R20</id></instance>
      <instance><id>R22</id></instance>
      <instance><id>R23</id></instance>
      <instance><id>R25</id></instance>
      <instance><id>R28</id></instance>
      <instance><id>R3</id></instance>
      <instance><id>R42</id></instance>
      <instance><id>R45</id></instance>
      <instance><id>R46</id></instance>
      <instance><id>R47</id></instance>
      <instance><id>R48</id></instance>
      <instance><id>R49</id></instance>
      <instance><id>R50</id></instance>
      <instance><id>R64</id></instance>
      <instance><id>R66</id></instance>
      <instance><id>R67</id></instance>
      <instance><id>R68</id></instance>
      <instance><id>R77</id></instance>
      <instance><id>R8</id></instance>
      <instance><id>R9</id></instance>
      </device>
    <device><id>RESISTOR_0603IPC__18 OHM</id>
      <instance><id>R119</id></instance>
      <instance><id>R124</id></instance>
      </device>
    <device><id>RESISTOR_0603IPC__2.20 K</id>
      <instance><id>R120</id></instance>
      <instance><id>R4</id></instance>
      <instance><id>R63</id></instance>
      </device>
    <device><id>RESISTOR_0603IPC__1.00 K</id>
      <instance><id>R130</id></instance>
      <instance><id>R37</id></instance>
      <instance><id>R43</id></instance>
      <instance><id>R51</id></instance>
      <instance><id>R52</id></instance>
      <instance><id>R69</id></instance>
      </device>
    <device><id>RESISTOR_0603IPC__20 K</id>
      <instance><id>R14</id></instance>
      </device>
    <device><id>RESISTOR_0603IPC__0.0 OHM</id>
      <instance><id>R152</id></instance>
      <instance><id>R153</id></instance>
      <instance><id>R24</id></instance>
      <instance><id>R26</id></instance>
      <instance><id>R27</id></instance>
      <instance><id>R55</id></instance>
      <instance><id>R56</id></instance>
      </device>
    <device><id>R_0603IPC_100 K</id>
      <instance><id>R154</id></instance>
      <instance><id>R155</id></instance>
      </device>
    <device><id>R_0603IPC_121 K</id>
      <instance><id>R156</id></instance>
      </device>
    <device><id>R_0603IPC_536 K</id>
      <instance><id>R157</id></instance>
      </device>
    <device><id>RESISTOR_0603IPC__11.0 K</id>
      <instance><id>R18</id></instance>
      <instance><id>R21</id></instance>
      <instance><id>R53</id></instance>
      <instance><id>R54</id></instance>
      </device>
    <device><id>RESISTOR_0603IPC__178 K</id>
      <instance><id>R30</id></instance>
      </device>
    <device><id>RESISTOR_0603IPC__63.4 K</id>
      <instance><id>R34</id></instance>
      </device>
    <device><id>RESISTOR_0603IPC__100 OHM</id>
      <instance><id>R38</id></instance>
      <instance><id>R62</id></instance>
      </device>
    <device><id>RESISTOR_0603IPC__6.19 K</id>
      <instance><id>R41</id></instance>
      </device>
    <device><id>RESISTOR_0603IPC__470 OHM</id>
      <instance><id>R44</id></instance>
      </device>
    <device><id>RESISTOR_0603IPC__200 K</id>
      <instance><id>R5</id></instance>
      </device>
    <device><id>RESISTOR_0603IPC__1.00 M</id>
      <instance><id>R6</id></instance>
      <instance><id>R60</id></instance>
      </device>
    <device><id>RESISTOR_0603IPC__5.90 K</id>
      <instance><id>R61</id></instance>
      </device>
    <device><id>RESISTOR_0603IPC__1.0 OHM</id>
      <instance><id>R7</id></instance>
      </device>
    <device><id>R_0603IPC_22 K</id>
      <instance><id>R142</id></instance>
      <instance><id>R143</id></instance>
      <instance><id>R144</id></instance>
      </device>
    <device><id>R_0603IPC_330 OHM</id>
      <instance><id>R145</id></instance>
      <instance><id>R146</id></instance>
      </device>
    <device><id>CAP_0603IPC_1000 PF</id>
      <instance><id>C108</id></instance>
      <instance><id>C111</id></instance>
      <instance><id>C27</id></instance>
      <instance><id>C56</id></instance>
      <instance><id>C62</id></instance>
      <instance><id>C63</id></instance>
      <instance><id>C64</id></instance>
      <instance><id>C93</id></instance>
      <instance><id>C94</id></instance>
      </device>
    <device><id>CAP_0603IPC_0.01 UF</id>
      <instance><id>C100</id></instance>
      <instance><id>C101</id></instance>
      <instance><id>C102</id></instance>
      <instance><id>C103</id></instance>
      <instance><id>C104</id></instance>
      <instance><id>C105</id></instance>
      <instance><id>C25</id></instance>
      <instance><id>C28</id></instance>
      <instance><id>C42</id></instance>
      <instance><id>C55</id></instance>
      <instance><id>C61</id></instance>
      <instance><id>C65</id></instance>
      <instance><id>C66</id></instance>
      <instance><id>C67</id></instance>
      <instance><id>C68</id></instance>
      <instance><id>C69</id></instance>
      <instance><id>C70</id></instance>
      <instance><id>C71</id></instance>
      <instance><id>C72</id></instance>
      <instance><id>C73</id></instance>
      <instance><id>C74</id></instance>
      <instance><id>C75</id></instance>
      <instance><id>C76</id></instance>
      <instance><id>C77</id></instance>
      <instance><id>C78</id></instance>
      <instance><id>C79</id></instance>
      <instance><id>C80</id></instance>
      <instance><id>C81</id></instance>
      <instance><id>C91</id></instance>
      <instance><id>C92</id></instance>
      <instance><id>C95</id></instance>
      <instance><id>C96</id></instance>
      <instance><id>C97</id></instance>
      <instance><id>C98</id></instance>
      <instance><id>C99</id></instance>
      </device>
    <device><id>CAP_0603IPC_220 PF</id>
      <instance><id>C24</id></instance>
      </device>
    <device><id>CAP_0603IPC_8 PF</id>
      <instance><id>C89</id></instance>
      <instance><id>C90</id></instance>
      </device>
    <device><id>RESISTOR_0603IPC_47 K</id>
      <instance><id>R147</id></instance>
      <instance><id>R100</id></instance>
      <instance><id>R135</id></instance>
      <instance><id>R139</id></instance>
      <instance><id>R140</id></instance>
      <instance><id>R141</id></instance>
      </device>
    <device><id>RESISTOR_0603IPC_68 K</id>
      <instance><id>R104</id></instance>
      <instance><id>R29</id></instance>
      <instance><id>R99</id></instance>
      </device>
    <device><id>RESISTOR_0603IPC_30 K</id>
      <instance><id>R105</id></instance>
      <instance><id>R78</id></instance>
      <instance><id>R79</id></instance>
      </device>
    <device><id>RESISTOR_0603IPC_1.5 K</id>
      <instance><id>R107</id></instance>
      </device>
    <device><id>RESISTOR_0603IPC_22 OHM</id>
      <instance><id>R132</id></instance>
      </device>
    <device><id>RESISTOR_0603IPC_2.7K</id>
      <instance><id>R31</id></instance>
      </device>
    <device><id>RESISTOR_0603IPC_330 OHM</id>
      <instance><id>R98</id></instance>
      </device>
    <device><id>RESISTOR_0603IPC_10.0 K</id>
      <instance><id>R106</id></instance>
      <instance><id>R134</id></instance>
      <instance><id>R115</id></instance>
      </device>
    <device><id>RESISTOR_0603IPC_1.00 K</id>
      <instance><id>R148</id></instance>
      <instance><id>R109</id></instance>
      <instance><id>R131</id></instance>
      <instance><id>R136</id></instance>
      <instance><id>R137</id></instance>
      <instance><id>R138</id></instance>
      <instance><id>R32</id></instance>
      <instance><id>R33</id></instance>
      <instance><id>R96</id></instance>
      <instance><id>R97</id></instance>
      <instance><id>R123</id></instance>
      </device>
    <device><id>RESISTOR_0603IPC_0.0 OHM</id>
      <instance><id>R108</id></instance>
      <instance><id>R80</id></instance>
      <instance><id>R81</id></instance>
      <instance><id>R82</id></instance>
      <instance><id>R83</id></instance>
      <instance><id>R84</id></instance>
      <instance><id>R85</id></instance>
      <instance><id>R86</id></instance>
      <instance><id>R87</id></instance>
      <instance><id>R88</id></instance>
      <instance><id>R89</id></instance>
      <instance><id>R90</id></instance>
      <instance><id>R91</id></instance>
      <instance><id>R92</id></instance>
      <instance><id>R93</id></instance>
      <instance><id>R94</id></instance>
      <instance><id>R95</id></instance>
      </device>
    <device><id>RESISTOR_0603IPC_1.00 M</id>
      <instance><id>R129</id></instance>
      <instance><id>R133</id></instance>
      </device>
    </package>
  <package><id>1206IPC</id>
    <device><id>CAP_1206IPC__1.0 UF</id>
      <instance><id>C109</id></instance>
      <instance><id>C12</id></instance>
      <instance><id>C13</id></instance>
      <instance><id>C14</id></instance>
      <instance><id>C15</id></instance>
      <instance><id>C16</id></instance>
      <instance><id>C33</id></instance>
      <instance><id>C35</id></instance>
      <instance><id>C36</id></instance>
      <instance><id>C37</id></instance>
      <instance><id>C38</id></instance>
      <instance><id>C39</id></instance>
      </device>
    <device><id>RESISTOR_1206IPC_0.3 OHM</id>
      <instance><id>R101</id></instance>
      <instance><id>R102</id></instance>
      </device>
    <device><id>CAP_1206IPC_1.0 UF</id>
      <instance><id>C106</id></instance>
      <instance><id>C107</id></instance>
      </device>
    <device><id>CAP_1206IPC_100 UF</id>
      <instance><id>C88</id></instance>
      <instance><id>C49</id></instance>
      <instance><id>C50</id></instance>
      </device>
    </package>
  <package><id>PANASONIC_B</id>
    <device><id>CAPACITOR POL_PANASONIC_B__4.7</id>
      <instance><id>C11</id></instance>
      <instance><id>C4</id></instance>
      <instance><id>C5</id></instance>
      <instance><id>C6</id></instance>
      </device>
    </package>
  <package><id>PANASONIC_D</id>
    <device><id>CAPACITOR POL_PANASONIC_D__100</id>
      <instance><id>C110</id></instance>
      <instance><id>C51</id></instance>
      <instance><id>C52</id></instance>
      <instance><id>C53</id></instance>
      <instance><id>C54</id></instance>
      <instance><id>C59</id></instance>
      <instance><id>C60</id></instance>
      </device>
    </package>
  <package><id>0805IPC</id>
    <device><id>CAP_0805IPC__0.1 UF</id>
      <instance><id>C57</id></instance>
      </device>
    <device><id>RESISTOR_0805IPC__0.10 OHM</id>
      <instance><id>R40</id></instance>
      </device>
    <device><id>RESISTOR_0805IPC__237 OHM</id>
      <instance><id>R72</id></instance>
      </device>
    <device><id>RESISTOR_0805IPC__1.13 K</id>
      <instance><id>R73</id></instance>
      </device>
    <device><id>RESISTOR_0805IPC__10 K</id>
      <instance><id>R74</id></instance>
      </device>
    <device><id>RESISTOR_0805IPC__100 OHM</id>
      <instance><id>R75</id></instance>
      </device>
    <device><id>CAP_0805IPC_10 UF</id>
      <instance><id>C112</id></instance>
      <instance><id>C113</id></instance>
      <instance><id>C114</id></instance>
      <instance><id>C26</id></instance>
      </device>
    </package>
  <package><id>FAIRCHILD_BAV99</id>
    <device><id>BAV99_FAIRCHILD_BAV99__BAV99</id>
      <instance><id>D1</id></instance>
      <instance><id>D2</id></instance>
      <instance><id>D5</id></instance>
      </device>
    </package>
  <package><id>MDI6L</id>
    <device><id>DIODE_0_MDI6L__1N5401-T</id>
      <instance><id>D19</id></instance>
      </device>
    </package>
  <package><id>MOLEX_53047-0910</id>
    <device><id>HEADER 9_MOLEX_53047-0910__5304</id>
      <instance><id>J10</id></instance>
      </device>
    </package>
  <package><id>MOLEX_54794-0978</id>
    <device><id>54794-0918_MOLEX_54794-0978__50</id>
      <instance><id>J11</id></instance>
      </device>
    </package>
  <package><id>3M_929836-08-06-RK</id>
    <device><id>BLOCK6X2_3M_929836-08-06-RK__92</id>
      <instance><id>J4</id></instance>
      </device>
    </package>
  <package><id>MOLEX_22-23-2051</id>
    <device><id>HEADER 5_MOLEX_22-23-2051__22-2</id>
      <instance><id>J5</id></instance>
      </device>
    </package>
  <package><id>MOLEX_22-05-3021</id>
    <device><id>HEADER 2_MOLEX_22-05-3021__22-0</id>
      <instance><id>J8</id></instance>
      </device>
    </package>
  <package><id>MOLEX_52807-2410</id>
    <device><id>52807-2410_MOLEX_52807-2410__52</id>
      <instance><id>J9</id></instance>
      </device>
    </package>
  <package><id>LITE-ON_LTST-C190CKT</id>
    <device><id>LED_0_LITE-ON_LTST-C190CKT__RED</id>
      <instance><id>LED1</id></instance>
      <instance><id>LED4</id></instance>
      <instance><id>LED5</id></instance>
      </device>
    </package>
  <package><id>MLT1062</id>
    <device><id>LED_0_MLT1062__DNP325-4</id>
      <instance><id>LED2</id></instance>
      <instance><id>LED3</id></instance>
      </device>
    </package>
  <package><id>FAIRCHILD_MMBT3904</id>
    <device><id>MMBT3904_FAIRCHILD_MMBT3904__MM</id>
      <instance><id>Q1</id></instance>
      <instance><id>Q12</id></instance>
      <instance><id>Q13</id></instance>
      <instance><id>Q4</id></instance>
      <instance><id>Q5</id></instance>
      <instance><id>Q6</id></instance>
      <instance><id>Q8</id></instance>
      <instance><id>Q9</id></instance>
      </device>
    </package>
  <package><id>IR_IRLR024N</id>
    <device><id>IRLR024N_IR_IRLR024N__IRLR024NT</id>
      <instance><id>Q2</id></instance>
      </device>
    </package>
  <package><id>IR_IRLML6401TR</id>
    <device><id>IRLML6401TR_IR_IRLML6401TR__IRL</id>
      <instance><id>Q7</id></instance>
      </device>
    </package>
  <package><id>YAGEO_SQP500JB</id>
    <device><id>RESISTOR_YAGEO_SQP500JB__10 OHM</id>
      <instance><id>R35</id></instance>
      </device>
    </package>
  <package><id>0805IPC_SHORTED</id>
    <device><id>0805SHORTED_0805IPC_SHORTED__08</id>
      <instance><id>R57</id></instance>
      <instance><id>R58</id></instance>
      <instance><id>R59</id></instance>
      </device>
    </package>
  <package><id>MS1252_1</id>
    <device><id>TEST POINT_MS1252_1__TEST POINT</id>
      <instance><id>TP1</id></instance>
      <instance><id>TP10</id></instance>
      <instance><id>TP11</id></instance>
      <instance><id>TP12</id></instance>
      <instance><id>TP13</id></instance>
      <instance><id>TP14</id></instance>
      <instance><id>TP15</id></instance>
      <instance><id>TP16</id></instance>
      <instance><id>TP17</id></instance>
      <instance><id>TP18</id></instance>
      <instance><id>TP19</id></instance>
      <instance><id>TP2</id></instance>
      <instance><id>TP20</id></instance>
      <instance><id>TP21</id></instance>
      <instance><id>TP22</id></instance>
      <instance><id>TP23</id></instance>
      <instance><id>TP24</id></instance>
      <instance><id>TP25</id></instance>
      <instance><id>TP26</id></instance>
      <instance><id>TP27</id></instance>
      <instance><id>TP28</id></instance>
      <instance><id>TP29</id></instance>
      <instance><id>TP3</id></instance>
      <instance><id>TP4</id></instance>
      <instance><id>TP5</id></instance>
      <instance><id>TP6</id></instance>
      <instance><id>TP7</id></instance>
      <instance><id>TP8</id></instance>
      <instance><id>TP9</id></instance>
      </device>
    </package>
  <package><id>ST_P6KE47CARL</id>
    <device><id>P6KE47CARL_ST_P6KE47CARL__P6KE4</id>
      <instance><id>TVS1</id></instance>
      <instance><id>TVS2</id></instance>
      </device>
    </package>
  <package><id>LITE-ON_4N25S</id>
    <device><id>4N25_LITE-ON_4N25S__4N25S</id>
      <instance><id>U11</id></instance>
      </device>
    </package>
  <package><id>NATIONAL_LMC7660IM</id>
    <device><id>LMC7660IN_NATIONAL_LMC7660IM__L</id>
      <instance><id>U12</id></instance>
      </device>
    </package>
  <package><id>DIODES_PAM2306AYPKB</id>
    <device><id>PAM2306AYPKB_DIODES_PAM2306AYPK</id>
      <instance><id>U13</id></instance>
      </device>
    </package>
  <package><id>ST_M41T94MQ6E</id>
    <device><id>M41T94MQ6E_ST_M41T94MQ6E__M41T9</id>
      <instance><id>U20</id></instance>
      </device>
    </package>
  <package><id>ST_M25P16-VMF6P</id>
    <device><id>M25P16-VMF6P_ST_M25P16-VMF6P__M</id>
      <instance><id>U21</id></instance>
      </device>
    </package>
  <package><id>AD_AD628ARZ</id>
    <device><id>AD628ARZ_AD_AD628ARZ__AD628ARZ</id>
      <instance><id>U23</id></instance>
      </device>
    </package>
  <package><id>MICROCHIP_PIC12F508-I_SN</id>
    <device><id>PIC12F508-I/SN_MICROCHIP_PIC12F</id>
      <instance><id>U26</id></instance>
      </device>
    </package>
  <package><id>TI_TLV2374ID</id>
    <device><id>TLV2374ID_TI_TLV2374ID__TLV2374</id>
      <instance><id>U3</id></instance>
      <instance><id>U5</id></instance>
      </device>
    </package>
  <package><id>BB_INA143U</id>
    <device><id>INA143U_BB_INA143U__INA143U</id>
      <instance><id>U8</id></instance>
      </device>
    </package>
  <package><id>NATIONAL_LM317T</id>
    <device><id>LM317T_NATIONAL_LM317T__299-000</id>
      <instance><id>VR3</id></instance>
      </device>
    </package>
  <package><id>FAIRCHILD_MMBT3906</id>
    <device><id>MMBT3906_FAIRCHILD_MMBT3906_MMB</id>
      <instance><id>Q15</id></instance>
      </device>
    </package>
  <package><id>TOSHIBA_TC78H600FTG</id>
    <device><id>TC78H600FTG_TOSHIBA_TC78H600FTG</id>
      <instance><id>U18</id></instance>
      </device>
    </package>
  <package><id>NICHICON_UWX0J470MCL1GB</id>
    <device><id>CAPACITOR POL_NICHICON_UWX0J470</id>
      <instance><id>C18</id></instance>
      <instance><id>C20</id></instance>
      <instance><id>C22</id></instance>
      <instance><id>C9</id></instance>
      </device>
    </package>
  <package><id>KEMET_T491B106K006AT</id>
    <device><id>CAPACITOR POL_KEMET_T491B106K00</id>
      <instance><id>C29</id></instance>
      <instance><id>C3</id></instance>
      </device>
    </package>
  <package><id>NICHICON_UWX1H010MCL1GB</id>
    <device><id>CAPACITOR POL_NICHICON_UWX1H010</id>
      <instance><id>C47</id></instance>
      </device>
    </package>
  <package><id>PANASONIC_EEE-FK0J221P</id>
    <device><id>CAPACITOR POL_PANASONIC_EEE-FK0</id>
      <instance><id>C48</id></instance>
      </device>
    </package>
  <package><id>KEMET_T491A105M016AS</id>
    <device><id>CAPACITOR POL_KEMET_T491A105M01</id>
      <instance><id>C58</id></instance>
      </device>
    </package>
  <package><id>MICROSEMI_DL4001-DL4007</id>
    <device><id>DIODE_0_MICROSEMI_DL4001-DL4007</id>
      <instance><id>D10</id></instance>
      <instance><id>D11</id></instance>
      <instance><id>D6</id></instance>
      </device>
    </package>
  <package><id>FAIRCHILD_MMBD4148</id>
    <device><id>DIODE_0_SOT-23_FAIRCHILD_MMBD41</id>
      <instance><id>D12</id></instance>
      <instance><id>D17</id></instance>
      <instance><id>D18</id></instance>
      <instance><id>D7</id></instance>
      <instance><id>D8</id></instance>
      <instance><id>D9</id></instance>
      </device>
    </package>
  <package><id>ST_BAR43FILM</id>
    <device><id>DIODE SCHOTTKY_0_SOT-23_ST_BAR4</id>
      <instance><id>D13</id></instance>
      </device>
    </package>
  <package><id>DIODES_BAV70-7-F</id>
    <device><id>BAV70_SYMBOL2_DIODES_BAV70-7-F_</id>
      <instance><id>D25</id></instance>
      <instance><id>D23</id></instance>
      <instance><id>D24</id></instance>
      </device>
    </package>
  <package><id>ROHM_RB520S-40TE61</id>
    <device><id>DIODE SCHOTTKY_ROHM_RB520S-40TE</id>
      <instance><id>D3</id></instance>
      <instance><id>D4</id></instance>
      </device>
    </package>
  <package><id>MOLEX_53398-0271</id>
    <device><id>CON2-2MT_MOLEX_53398-0271_53398</id>
      <instance><id>J1</id></instance>
      </device>
    </package>
  <package><id>MOLEX_52559-3072</id>
    <device><id>CON30-4MT_MOLEX_52559-3072_5255</id>
      <instance><id>J2</id></instance>
      </device>
    </package>
  <package><id>TYCO_5555980-1</id>
    <device><id>MODULAR JACK_4-4_TYCO_5555980-1</id>
      <instance><id>J3</id></instance>
      </device>
    </package>
  <package><id>MOLEX_39-30-1060</id>
    <device><id>BLOCK3X2_W_MOUNTING_MOLEX_39-30</id>
      <instance><id>J7</id></instance>
      </device>
    </package>
  <package><id>PANASONIC_EXC-3BB102H</id>
    <device><id>BEADARR_4_PANASONIC_EXC-3BB102H</id>
      <instance><id>L1</id></instance>
      <instance><id>L2</id></instance>
      </device>
    </package>
  <package><id>SUMIDA_CDPH4D19FNP-330MC</id>
    <device><id>INDUCTOR_SUMIDA_CDPH4D19FNP-330</id>
      <instance><id>L3</id></instance>
      </device>
    </package>
  <package><id>MURATA_LQH44PN4R7MP0L</id>
    <device><id>INDUCTOR_MURATA_LQH44PN4R7MP0L_</id>
      <instance><id>L4</id></instance>
      </device>
    </package>
  <package><id>MURATA_LQH32PN2R2NN0L</id>
    <device><id>INDUCTOR_MURATA_LQH32PN2R2NN0L_</id>
      <instance><id>L5</id></instance>
      </device>
    </package>
  <package><id>ROHM_DTC114EUAT106</id>
    <device><id>DTC114E_ROHM_DTC114EUAT106_DTC1</id>
      <instance><id>Q10</id></instance>
      </device>
    </package>
  <package><id>IR_IRFR9024NPBF</id>
    <device><id>IRFR9024N_IR_IRFR9024NPBF_IRFR9</id>
      <instance><id>Q11</id></instance>
      <instance><id>Q3</id></instance>
      </device>
    </package>
  <package><id>ROHM_MNR15ERRPJ223</id>
    <device><id>RESAR_BR_8/SM_ROHM_MNR15ERRPJ22</id>
      <instance><id>RN1</id></instance>
      <instance><id>RN2</id></instance>
      <instance><id>RN3</id></instance>
      <instance><id>RN4</id></instance>
      <instance><id>RN5</id></instance>
      </device>
    </package>
  <package><id>PANASONIC_EXB-38V</id>
    <device><id>4/8_ISOLATED_SM_PANASONIC_EXB-3</id>
      <instance><id>RP1</id></instance>
      <instance><id>RP2</id></instance>
      <instance><id>RP3</id></instance>
      </device>
    </package>
  <package><id>PANASONIC_EVQ-PAG04M</id>
    <device><id>SW PUSHBUTTON-SPST-2_PANASONIC_</id>
      <instance><id>SW1</id></instance>
      <instance><id>SW2</id></instance>
      <instance><id>SW3</id></instance>
      <instance><id>SW4</id></instance>
      <instance><id>SW5</id></instance>
      </device>
    </package>
  <package><id>TOSHIBA_TC74VHCT244AFT-EL</id>
    <device><id>TC74VHCT244AFT-EL_TOSHIBA_TC74V</id>
      <instance><id>U1</id></instance>
      <instance><id>U2</id></instance>
      </device>
    </package>
  <package><id>TI_UA78M05CDCYR</id>
    <device><id>UA78M05QDCYRQ1_TI_UA78M05CDCYR_</id>
      <instance><id>U10</id></instance>
      </device>
    </package>
  <package><id>EON_SILICON_SOLUTION_EN25Q64-104HIP</id>
    <device><id>EN25Q64-104HIP_EON_SILICON_SOLU</id>
      <instance><id>U14</id></instance>
      </device>
    </package>
  <package><id>NJR_NJM2904L</id>
    <device><id>NJM2904L_NJR_NJM2904L_NJM2904L</id>
      <instance><id>U15</id></instance>
      </device>
    </package>
  <package><id>RENESAS_R5S726B0D216FP</id>
    <device><id>R5S726B0D216FP_RENESAS_R5S726B0</id>
      <instance><id>U16</id></instance>
      </device>
    </package>
  <package><id>ALTERA_5M570ZT100I5N</id>
    <device><id>5M570ZT100I5N_ALTERA_5M570ZT100</id>
      <instance><id>U17</id></instance>
      </device>
    </package>
  <package><id>ROHM_BD46282G-TR</id>
    <device><id>BD46282G-TR_ROHM_BD46282G-TR_BD</id>
      <instance><id>U19</id></instance>
      </device>
    </package>
  <package><id>MICROCHIP_25AA320-I_SN</id>
    <device><id>25AA320-I/SN_MICROCHIP_25AA320-</id>
      <instance><id>U22</id></instance>
      </device>
    </package>
  <package><id>MICROCHIP_MCP121-300E_TO</id>
    <device><id>MCP121-450E/TO_0_MICROCHIP_MCP1</id>
      <instance><id>U24</id></instance>
      </device>
    </package>
  <package><id>ROHM_BU18TD3WG-TR</id>
    <device><id>BU18TD3WG-TR_ROHM_BU18TD3WG-TR_</id>
      <instance><id>U25</id></instance>
      </device>
    </package>
  <package><id>NJR_NJM2903L</id>
    <device><id>NJM2903L_NJR_NJM2903L_NJM2903L</id>
      <instance><id>U4</id></instance>
      </device>
    </package>
  <package><id>MICROCHIP_PIC18F87J10-I_PT</id>
    <device><id>PIC18F87J10-I/PT_MICROCHIP_PIC1</id>
      <instance><id>U6</id></instance>
      </device>
    </package>
  <package><id>LINEAR_LTC6910-2CTS8</id>
    <device><id>LTC6910-2CTS8_LINEAR_LTC6910-2C</id>
      <instance><id>U7</id></instance>
      </device>
    </package>
  <package><id>NATIONAL_LM4040DIM3</id>
    <device><id>LM4040DIM3_NATIONAL_LM4040DIM3_</id>
      <instance><id>U9</id></instance>
      </device>
    </package>
  <package><id>NATIONAL_LM2940S</id>
    <device><id>LM2940S_NATIONAL_LM2940S_LM2940</id>
      <instance><id>VR1</id></instance>
      </device>
    </package>
  <package><id>TI_LP2981-33DBVR</id>
    <device><id>LP2981-33DBVR_TI_LP2981-33DBVR_</id>
      <instance><id>VR2</id></instance>
      </device>
    </package>
  <package><id>MURATA_CSTCE8M00G55-R0</id>
    <device><id>CSTCC4M00G53_MURATA_CSTCE8M00G5</id>
      <instance><id>Y1</id></instance>
      </device>
    </package>
  <package><id>ABRACON_ABM8</id>
    <device><id>CRYSTAL_0_ABRACON_ABM8_48.000MH</id>
      <instance><id>Y2</id></instance>
      </device>
    </package>
  <package><id>EPSON_C-001R_32_768K-A</id>
    <device><id>C-001R 32.768K-A_EPSON_C-001R_3</id>
      <instance><id>Y3</id></instance>
      </device>
    </package>
  <package><id>FIDUCIAL</id>
    <device><id>FIDUCIAL_FIDUCIAL_236-000001</id>
      <instance><id>FID4</id></instance>
      <instance><id>FID1</id></instance>
      <instance><id>FID2</id></instance>
      <instance><id>FID3</id></instance>
      </device>
    </package>
  </net_list>
